Nr,Model_Name,lid_pos,cam_pos,ra_pos,lid_dim,cam_dim,ra_dim,lid_yaw,cam_yaw,ra_yaw,lid_vel,cam_vel,ra_vel,lid_drop,cam_drop,ra_drop,lid_clas,cam_clas,ra_clas,lid_at,cam_at,ra_at,FP,NDS,,,,,,,,,,,,,,,,,,,,,,
1,M_Base,1.5,1.1,0.95,1.7,1.05,0.85,3.8,2.75,1.9,10,16,38.5,4,2.5,3.5,0.9,0.9,0.9,0.9,0.9,0.9,4,0.216397059,,,,,,,,,,,,,,,,,,,,,,
2,M_Base,3,0.733333333,0,0,0.7,0,2.533333333,0,2.533333333,20,32,77,8,1.666666667,0,0,0,0,0,0.6,0.6,2.666666667,0.179141184,,,,,,,,,,,,,,,,,,,,,,
3,M_Base,3,0,1.266666667,3.4,0.7,1.7,0,0,1.266666667,13.33333333,0,25.66666667,0,0,0,1.2,0.6,1.8,1.8,1.8,1.2,8,0.24813559,,,,,,,,,,,,,,,,,,,,,,
4,M_Base,3,0,0,2.266666667,0.7,0.566666667,7.6,0,3.8,0,32,0,0,1.666666667,4.666666667,1.2,1.8,1.8,1.8,1.2,1.8,5.333333333,0.226872921,,,,,,,,,,,,,,,,,,,,,,
5,M_Base,0,1.466666667,1.266666667,3.4,2.1,0,5.066666667,5.5,3.8,20,32,0,0,3.333333333,7,1.8,1.8,0,1.2,0,1.8,0,0.380027334,,,,,,,,,,,,,,,,,,,,,,
6,M_Base,1,2.2,1.266666667,3.4,1.4,0.566666667,0,0,0,0,32,51.33333333,8,1.666666667,4.666666667,0,0,0.6,1.2,1.8,1.8,8,0.297978841,,,,,,,,,,,,,,,,,,,,,,
7,M_Base,0,1.466666667,1.9,1.133333333,0,1.133333333,7.6,3.666666667,0,0,0,77,8,3.333333333,0,1.8,0,0,0.6,0.6,1.8,8,0.2985429,,,,,,,,,,,,,,,,,,,,,,
8,M_Base,2,1.466666667,0,0,1.4,1.7,0,5.5,0,0,10.66666667,0,0,5,7,1.2,0,1.8,1.2,0,1.2,0,0.423057116,,,,,,,,,,,,,,,,,,,,,,
9,M_Base,1,2.2,0.633333333,0,1.4,0,0,5.5,2.533333333,13.33333333,0,25.66666667,2.666666667,0,7,0,1.8,0,1.8,0,0,5.333333333,0.385393381,,,,,,,,,,,,,,,,,,,,,,
10,M_Base,2,2.2,0,0,0.7,1.7,5.066666667,1.833333333,1.266666667,6.666666667,0,51.33333333,0,1.666666667,2.333333333,1.2,0,1.8,0,0,1.8,0,0.298252419,,,,,,,,,,,,,,,,,,,,,,
11,M_Base,3,1.466666667,0.633333333,0,2.1,0.566666667,7.6,1.833333333,1.266666667,20,0,0,0,5,7,0,1.8,0,1.8,1.8,1.2,8,0.232498416,,,,,,,,,,,,,,,,,,,,,,
12,M_Base,1,0,0,2.266666667,2.1,1.7,5.066666667,3.666666667,1.266666667,13.33333333,0,51.33333333,8,3.333333333,7,0.6,1.8,1.8,1.8,1.8,1.8,2.666666667,0.165254791,,,,,,,,,,,,,,,,,,,,,,
13,M_Base,0,2.2,1.9,3.4,0,0,5.066666667,5.5,3.8,6.666666667,21.33333333,25.66666667,8,0,0,0,1.2,0,0.6,1.8,0.6,8,0.215086392,,,,,,,,,,,,,,,,,,,,,,
14,M_Base,3,1.466666667,1.9,3.4,2.1,1.7,5.066666667,5.5,1.266666667,13.33333333,0,25.66666667,0,3.333333333,0,0,1.2,0.6,0,0,0,0,0.186270189,,,,,,,,,,,,,,,,,,,,,,
15,M_Base,0,0,1.9,3.4,2.1,1.7,7.6,1.833333333,0,20,32,0,5.333333333,0,4.666666667,0,1.2,1.2,1.8,0,0,8,0.232409059,,,,,,,,,,,,,,,,,,,,,,
16,M_Base,3,0,1.9,0,0.7,0.566666667,0,5.5,2.533333333,0,21.33333333,0,8,0,7,1.8,0,0.6,1.8,1.2,1.8,2.666666667,0.240850671,,,,,,,,,,,,,,,,,,,,,,
17,M_Base,3,0.733333333,1.9,2.266666667,0,1.7,2.533333333,5.5,0,0,32,0,0,5,2.333333333,1.8,1.8,1.2,0.6,1.8,1.8,8,0.250480611,,,,,,,,,,,,,,,,,,,,,,
18,M_Base,2,0,0,1.133333333,2.1,0.566666667,5.066666667,0,3.8,0,32,51.33333333,8,0,0,1.2,0,0,0.6,0,0,2.666666667,0.190349924,,,,,,,,,,,,,,,,,,,,,,
19,M_Base,0,1.466666667,1.9,2.266666667,0,0.566666667,2.533333333,0,3.8,20,21.33333333,77,0,0,4.666666667,0.6,1.2,0,0,0,0,8,0.538178236,,,,,,,,,,,,,,,,,,,,,,
20,M_Base,0,0.733333333,1.9,1.133333333,0,1.7,0,5.5,0,20,10.66666667,0,2.666666667,0,0,1.2,1.8,0,0,0,0,0,0.471971575,,,,,,,,,,,,,,,,,,,,,,
21,M_Base,2,2.2,0,0,0,1.133333333,0,0,2.533333333,0,0,0,0,5,4.666666667,0.6,1.2,1.8,0.6,1.8,1.2,8,0.431275342,,,,,,,,,,,,,,,,,,,,,,
22,M_Base,3,2.2,0.633333333,3.4,2.1,1.133333333,7.6,3.666666667,2.533333333,20,21.33333333,51.33333333,8,5,7,1.8,0,0,0,1.8,0,0,0.074405711,,,,,,,,,,,,,,,,,,,,,,
23,M_Base,3,0,1.9,3.4,2.1,1.7,0,3.666666667,0,0,0,51.33333333,8,0,2.333333333,0,1.8,0,1.8,1.2,1.8,0,0.213496998,,,,,,,,,,,,,,,,,,,,,,
24,M_Base,3,2.2,1.266666667,2.266666667,0.7,0,7.6,3.666666667,3.8,0,0,77,8,3.333333333,0,0,0,1.8,0,1.2,0.6,8,0.145443521,,,,,,,,,,,,,,,,,,,,,,
25,M_Base,3,2.2,0,1.133333333,0.7,0,7.6,5.5,1.266666667,20,32,77,0,3.333333333,7,0,1.8,1.2,1.2,0,1.8,8,0.222500483,,,,,,,,,,,,,,,,,,,,,,
26,M_Base,3,0,1.9,0,2.1,1.7,7.6,1.833333333,3.8,0,32,51.33333333,5.333333333,5,7,1.8,0,0.6,0,0,0,8,0.190973093,,,,,,,,,,,,,,,,,,,,,,
27,M_Base,0,2.2,0,3.4,0,1.133333333,5.066666667,5.5,0,13.33333333,32,77,8,0,7,0,0,1.8,1.8,0.6,1.2,5.333333333,0.210691128,,,,,,,,,,,,,,,,,,,,,,
28,M_Base,3,2.2,1.9,0,2.1,1.7,0,3.666666667,2.533333333,20,32,77,2.666666667,3.333333333,4.666666667,0,1.8,0,0.6,1.8,0.6,0,0.273803291,,,,,,,,,,,,,,,,,,,,,,
29,M_Base,3,2.2,0.633333333,0,1.4,1.7,7.6,1.833333333,3.8,20,0,0,8,0,0,1.8,0.6,1.8,0,1.8,1.8,2.666666667,0.131679148,,,,,,,,,,,,,,,,,,,,,,
30,M_Base,2,0.733333333,0.633333333,3.4,0.7,1.133333333,0,0,2.533333333,13.33333333,21.33333333,25.66666667,2.666666667,3.333333333,2.333333333,0.6,0,1.8,0.6,1.2,1.8,2.666666667,0.247648912,,,,,,,,,,,,,,,,,,,,,,
31,M_Base,1,0.733333333,0,1.133333333,1.4,0.566666667,5.066666667,5.5,1.266666667,20,0,77,5.333333333,5,7,0,1.8,1.2,1.2,0.6,0,0,0.238462039,,,,,,,,,,,,,,,,,,,,,,
32,M_Base,1,0,1.266666667,3.4,1.4,0.566666667,7.6,0,2.533333333,0,32,0,0,5,7,0,1.2,1.8,1.8,0.6,0.6,0,0.360670765,,,,,,,,,,,,,,,,,,,,,,
33,M_Base,0,2.2,0,1.133333333,2.1,1.133333333,7.6,0,3.8,6.666666667,0,77,2.666666667,1.666666667,0,1.8,0,0.6,0,1.8,0,0,0.357183848,,,,,,,,,,,,,,,,,,,,,,
34,M_Base,3,2.2,1.9,3.4,2.1,1.7,5.066666667,0,3.8,20,21.33333333,0,2.666666667,5,0,0.6,0,0,1.2,1.2,0,0,0.127186003,,,,,,,,,,,,,,,,,,,,,,
35,M_Base,2,2.2,1.266666667,3.4,2.1,1.7,0,0,3.8,13.33333333,0,77,5.333333333,0,7,1.8,1.2,0,0,0,1.8,0,0.189288819,,,,,,,,,,,,,,,,,,,,,,
36,M_Base,0,0,1.9,0,2.1,0,0,5.5,2.533333333,13.33333333,21.33333333,77,5.333333333,3.333333333,4.666666667,0.6,0.6,0,0,0,1.8,0,0.418347691,,,,,,,,,,,,,,,,,,,,,,
37,M_Base,1.5,1.1,0.95,1.7,1.05,0.85,3.8,2.75,1.9,10,16,38.5,4,2.5,3.5,0.9,0.9,0.9,0.9,0.9,0.9,4,0.216397059,,,,,,,,,,,,,,,,,,,,,,
38,M_Base,2,0.733333333,0,0,0.7,1.7,7.6,0,3.8,0,21.33333333,25.66666667,0,5,0,0,1.8,0.6,1.8,1.8,0,0,0.338626291,,,,,,,,,,,,,,,,,,,,,,
39,M_Base,0,2.2,0.633333333,0,0,0,0,5.5,0,20,0,77,2.666666667,3.333333333,7,1.8,1.8,0.6,0.6,0.6,0,0,0.47575543,,,,,,,,,,,,,,,,,,,,,,
40,M_Base,0,2.2,1.266666667,3.4,0,0,2.533333333,3.666666667,3.8,20,10.66666667,0,0,5,4.666666667,0,0,0,0,1.8,0,0,0.510160068,,,,,,,,,,,,,,,,,,,,,,
41,M_Base,0,2.2,1.9,2.266666667,2.1,0.566666667,0,1.833333333,2.533333333,0,0,0,8,1.666666667,2.333333333,1.8,1.8,1.2,1.8,0.6,0,8,0.339454764,,,,,,,,,,,,,,,,,,,,,,
42,M_Base,0,1.466666667,0,2.266666667,1.4,1.7,7.6,5.5,1.266666667,20,32,25.66666667,0,1.666666667,2.333333333,0.6,1.2,1.8,1.8,1.2,1.2,2.666666667,0.477906244,,,,,,,,,,,,,,,,,,,,,,
43,M_Base,2,1.466666667,0.633333333,3.4,2.1,0,7.6,5.5,0,6.666666667,10.66666667,77,8,5,2.333333333,1.8,1.2,1.8,1.8,0,0,0,0.092009996,,,,,,,,,,,,,,,,,,,,,,
44,M_Base,3,2.2,0.633333333,0,0,0,7.6,0,3.8,0,0,77,0,0,4.666666667,1.2,0,0,1.2,0,1.2,2.666666667,0.280426483,,,,,,,,,,,,,,,,,,,,,,
45,M_Base,0,0.733333333,0.633333333,0,1.4,0,0,0,3.8,20,32,0,0,5,2.333333333,1.8,0,0.6,1.8,1.8,0.6,8,0.611069505,,,,,,,,,,,,,,,,,,,,,,
46,M_Base,0,0,1.266666667,1.133333333,0.7,1.7,0,5.5,3.8,20,0,51.33333333,5.333333333,0,2.333333333,1.8,1.2,0,1.8,0.6,1.2,0,0.377765393,,,,,,,,,,,,,,,,,,,,,,
47,M_Base,2,2.2,1.9,2.266666667,2.1,1.7,2.533333333,5.5,0,6.666666667,32,51.33333333,8,0,0,1.8,0,1.2,1.8,0,0.6,0,0.148990028,,,,,,,,,,,,,,,,,,,,,,
48,M_Base,1,2.2,0.633333333,3.4,2.1,1.7,5.066666667,3.666666667,3.8,0,0,0,5.333333333,0,0,0,0.6,0.6,1.2,0,0.6,5.333333333,0.236288696,,,,,,,,,,,,,,,,,,,,,,
49,M_Base,0,0,0.633333333,2.266666667,0,0,0,5.5,0,0,10.66666667,25.66666667,8,5,0,1.8,0,1.2,0,1.2,1.2,8,0.343759578,,,,,,,,,,,,,,,,,,,,,,
50,M_Base,3,0,1.9,0,2.1,1.133333333,7.6,0,3.8,20,10.66666667,0,2.666666667,3.333333333,2.333333333,0,0.6,0.6,1.8,1.8,0,8,0.182288763,,,,,,,,,,,,,,,,,,,,,,
51,M_Base,0,0,1.9,3.4,0,0.566666667,0,1.833333333,2.533333333,13.33333333,10.66666667,77,5.333333333,1.666666667,0,0.6,0.6,1.2,0,1.8,1.8,5.333333333,0.319627067,,,,,,,,,,,,,,,,,,,,,,
52,M_Base,3,0.733333333,1.9,1.133333333,0,0,5.066666667,1.833333333,0,20,10.66666667,51.33333333,8,1.666666667,0,0,0,1.8,0,1.8,1.8,0,0.132682392,,,,,,,,,,,,,,,,,,,,,,
53,M_Base,2,0,1.266666667,0,1.4,0.566666667,2.533333333,3.666666667,0,20,21.33333333,0,5.333333333,5,2.333333333,1.8,1.8,0.6,0,0.6,1.2,8,0.214558047,,,,,,,,,,,,,,,,,,,,,,
54,M_Base,0,0,1.9,0,2.1,1.133333333,2.533333333,1.833333333,0,6.666666667,21.33333333,77,5.333333333,0,0,0.6,1.8,0,1.2,1.2,0,0,0.369004878,,,,,,,,,,,,,,,,,,,,,,
55,M_Base,1,2.2,1.266666667,1.133333333,2.1,1.133333333,0,0,0,6.666666667,32,25.66666667,0,5,0,0,0.6,1.2,1.8,0.6,0.6,8,0.473246118,,,,,,,,,,,,,,,,,,,,,,
56,M_Base,1,0,0,0,0,1.7,0,5.5,3.8,6.666666667,21.33333333,77,0,0,0,1.8,0,1.8,1.2,0.6,1.8,8,0.461477974,,,,,,,,,,,,,,,,,,,,,,
57,M_Base,3,1.466666667,1.9,0,0,1.133333333,2.533333333,5.5,3.8,0,32,0,2.666666667,5,7,1.8,1.8,1.8,0,0,0,2.666666667,0.259546646,,,,,,,,,,,,,,,,,,,,,,
58,M_Base,2,0,0.633333333,1.133333333,0,0,2.533333333,1.833333333,1.266666667,6.666666667,32,77,8,5,7,0,0,0,1.8,1.8,0.6,5.333333333,0.190974771,,,,,,,,,,,,,,,,,,,,,,
59,M_Base,0,0.733333333,0,1.133333333,0,1.7,2.533333333,1.833333333,3.8,13.33333333,32,77,0,1.666666667,7,1.8,0.6,1.2,0,1.8,0,8,0.554141296,,,,,,,,,,,,,,,,,,,,,,
60,M_Base,0,2.2,0,3.4,0,1.133333333,7.6,3.666666667,1.266666667,20,0,25.66666667,8,5,7,1.8,0.6,1.8,0.6,0,1.8,5.333333333,0.187031778,,,,,,,,,,,,,,,,,,,,,,
61,M_Base,1,0,1.266666667,0,2.1,0,2.533333333,0,0,6.666666667,32,77,8,3.333333333,7,1.2,1.8,1.2,0,0,0,5.333333333,0.259549847,,,,,,,,,,,,,,,,,,,,,,
62,M_Base,0,0.733333333,0,2.266666667,0,0.566666667,7.6,0,1.266666667,6.666666667,32,25.66666667,5.333333333,0,0,1.2,0,1.8,1.8,0,1.2,0,0.264994931,,,,,,,,,,,,,,,,,,,,,,
63,M_Base,3,2.2,0,3.4,1.4,0,2.533333333,5.5,0,0,0,0,8,5,0,1.2,1.8,1.8,1.8,1.8,1.8,5.333333333,0.168356932,,,,,,,,,,,,,,,,,,,,,,
64,M_Base,3,1.466666667,1.266666667,1.133333333,0,1.7,7.6,0,2.533333333,13.33333333,10.66666667,77,8,5,7,0.6,0.6,1.8,0.6,1.2,1.8,8,0.123097386,,,,,,,,,,,,,,,,,,,,,,
65,M_Base,1,1.466666667,1.9,3.4,2.1,0,0,0,3.8,20,10.66666667,77,5.333333333,1.666666667,7,0.6,1.8,1.8,0.6,1.8,0.6,5.333333333,0.248452141,,,,,,,,,,,,,,,,,,,,,,
66,M_Base,1,1.466666667,0,2.266666667,0.7,0,0,0,0,13.33333333,0,0,8,5,4.666666667,1.2,1.8,0,0,1.2,1.2,2.666666667,0.241120654,,,,,,,,,,,,,,,,,,,,,,
67,M_Base,3,0.733333333,1.9,3.4,0.7,0,7.6,3.666666667,0,20,32,51.33333333,2.666666667,0,4.666666667,1.2,1.2,0.6,1.2,1.2,1.8,2.666666667,0.118619883,,,,,,,,,,,,,,,,,,,,,,
68,M_Base,3,0,0,3.4,1.4,0,7.6,3.666666667,0,0,10.66666667,0,0,1.666666667,7,0.6,0.6,0,0.6,1.8,0.6,8,0.216384762,,,,,,,,,,,,,,,,,,,,,,
69,M_Base,0,0,1.9,3.4,0,1.7,5.066666667,5.5,0,6.666666667,0,51.33333333,0,0,2.333333333,1.8,1.8,1.8,0,1.8,0,5.333333333,0.388588603,,,,,,,,,,,,,,,,,,,,,,
70,M_Base,1,0,0,0,0,0,7.6,5.5,0,0,32,25.66666667,2.666666667,0,0,1.8,1.2,1.2,1.2,0.6,1.8,5.333333333,0.330971596,,,,,,,,,,,,,,,,,,,,,,
71,M_Base,2,0.733333333,0,0,0,0,7.6,0,1.266666667,0,10.66666667,0,0,0,4.666666667,0,0.6,1.8,0,0,1.8,2.666666667,0.34994179,,,,,,,,,,,,,,,,,,,,,,
72,M_Base,0,0,0,2.266666667,1.4,1.133333333,0,1.833333333,3.8,0,21.33333333,77,2.666666667,5,7,0,1.8,0,1.8,0,0,8,0.48570402,,,,,,,,,,,,,,,,,,,,,,
73,M_Base,1.5,1.1,0.95,1.7,1.05,0.85,3.8,2.75,1.9,10,16,38.5,4,2.5,3.5,0.9,0.9,0.9,0.9,0.9,0.9,4,0.216397059,,,,,,,,,,,,,,,,,,,,,,
1,M_GT,1.5,1.1,0.95,1.7,1.05,0.85,3.8,2.75,1.9,10,16,38.5,4,2.5,3.5,0.9,0.9,0.9,0.9,0.9,0.9,4,0.168621691,,,,,,,,,,,,,,,,,,,,,,
2,M_GT,3,0.733333333,0,0,0.7,0,2.533333333,0,2.533333333,20,32,77,8,1.666666667,0,0,0,0,0,0.6,0.6,2.666666667,0.207583967,,,,,,,,,,,,,,,,,,,,,,
3,M_GT,3,0,1.266666667,3.4,0.7,1.7,0,0,1.266666667,13.33333333,0,25.66666667,0,0,0,1.2,0.6,1.8,1.8,1.8,1.2,8,0.166887736,,,,,,,,,,,,,,,,,,,,,,
4,M_GT,3,0,0,2.266666667,0.7,0.566666667,7.6,0,3.8,0,32,0,0,1.666666667,4.666666667,1.2,1.8,1.8,1.8,1.2,1.8,5.333333333,0.165212451,,,,,,,,,,,,,,,,,,,,,,
5,M_GT,0,1.466666667,1.266666667,3.4,2.1,0,5.066666667,5.5,3.8,20,32,0,0,3.333333333,7,1.8,1.8,0,1.2,0,1.8,0,0.245403608,,,,,,,,,,,,,,,,,,,,,,
6,M_GT,1,2.2,1.266666667,3.4,1.4,0.566666667,0,0,0,0,32,51.33333333,8,1.666666667,4.666666667,0,0,0.6,1.2,1.8,1.8,8,0.298925684,,,,,,,,,,,,,,,,,,,,,,
7,M_GT,0,1.466666667,1.9,1.133333333,0,1.133333333,7.6,3.666666667,0,0,0,77,8,3.333333333,0,1.8,0,0,0.6,0.6,1.8,8,0.235438529,,,,,,,,,,,,,,,,,,,,,,
8,M_GT,2,1.466666667,0,0,1.4,1.7,0,5.5,0,0,10.66666667,0,0,5,7,1.2,0,1.8,1.2,0,1.2,0,0.388938969,,,,,,,,,,,,,,,,,,,,,,
9,M_GT,1,2.2,0.633333333,0,1.4,0,0,5.5,2.533333333,13.33333333,0,25.66666667,2.666666667,0,7,0,1.8,0,1.8,0,0,5.333333333,0.420453963,,,,,,,,,,,,,,,,,,,,,,
10,M_GT,2,2.2,0,0,0.7,1.7,5.066666667,1.833333333,1.266666667,6.666666667,0,51.33333333,0,1.666666667,2.333333333,1.2,0,1.8,0,0,1.8,0,0.23909717,,,,,,,,,,,,,,,,,,,,,,
11,M_GT,3,1.466666667,0.633333333,0,2.1,0.566666667,7.6,1.833333333,1.266666667,20,0,0,0,5,7,0,1.8,0,1.8,1.8,1.2,8,0.246663301,,,,,,,,,,,,,,,,,,,,,,
12,M_GT,1,0,0,2.266666667,2.1,1.7,5.066666667,3.666666667,1.266666667,13.33333333,0,51.33333333,8,3.333333333,7,0.6,1.8,1.8,1.8,1.8,1.8,2.666666667,0.142520817,,,,,,,,,,,,,,,,,,,,,,
13,M_GT,0,2.2,1.9,3.4,0,0,5.066666667,5.5,3.8,6.666666667,21.33333333,25.66666667,8,0,0,0,1.2,0,0.6,1.8,0.6,8,0.201650291,,,,,,,,,,,,,,,,,,,,,,
14,M_GT,3,1.466666667,1.9,3.4,2.1,1.7,5.066666667,5.5,1.266666667,13.33333333,0,25.66666667,0,3.333333333,0,0,1.2,0.6,0,0,0,0,0.152111997,,,,,,,,,,,,,,,,,,,,,,
15,M_GT,0,0,1.9,3.4,2.1,1.7,7.6,1.833333333,0,20,32,0,5.333333333,0,4.666666667,0,1.2,1.2,1.8,0,0,8,0.226680304,,,,,,,,,,,,,,,,,,,,,,
16,M_GT,3,0,1.9,0,0.7,0.566666667,0,5.5,2.533333333,0,21.33333333,0,8,0,7,1.8,0,0.6,1.8,1.2,1.8,2.666666667,0.165035624,,,,,,,,,,,,,,,,,,,,,,
17,M_GT,3,0.733333333,1.9,2.266666667,0,1.7,2.533333333,5.5,0,0,32,0,0,5,2.333333333,1.8,1.8,1.2,0.6,1.8,1.8,8,0.229160659,,,,,,,,,,,,,,,,,,,,,,
18,M_GT,2,0,0,1.133333333,2.1,0.566666667,5.066666667,0,3.8,0,32,51.33333333,8,0,0,1.2,0,0,0.6,0,0,2.666666667,0.177959344,,,,,,,,,,,,,,,,,,,,,,
19,M_GT,0,1.466666667,1.9,2.266666667,0,0.566666667,2.533333333,0,3.8,20,21.33333333,77,0,0,4.666666667,0.6,1.2,0,0,0,0,8,0.414796316,,,,,,,,,,,,,,,,,,,,,,
20,M_GT,0,0.733333333,1.9,1.133333333,0,1.7,0,5.5,0,20,10.66666667,0,2.666666667,0,0,1.2,1.8,0,0,0,0,0,0.389294554,,,,,,,,,,,,,,,,,,,,,,
21,M_GT,2,2.2,0,0,0,1.133333333,0,0,2.533333333,0,0,0,0,5,4.666666667,0.6,1.2,1.8,0.6,1.8,1.2,8,0.399047152,,,,,,,,,,,,,,,,,,,,,,
22,M_GT,3,2.2,0.633333333,3.4,2.1,1.133333333,7.6,3.666666667,2.533333333,20,21.33333333,51.33333333,8,5,7,1.8,0,0,0,1.8,0,0,0.056772328,,,,,,,,,,,,,,,,,,,,,,
23,M_GT,3,0,1.9,3.4,2.1,1.7,0,3.666666667,0,0,0,51.33333333,8,0,2.333333333,0,1.8,0,1.8,1.2,1.8,0,0.210743965,,,,,,,,,,,,,,,,,,,,,,
24,M_GT,3,2.2,1.266666667,2.266666667,0.7,0,7.6,3.666666667,3.8,0,0,77,8,3.333333333,0,0,0,1.8,0,1.2,0.6,8,0.15450877,,,,,,,,,,,,,,,,,,,,,,
25,M_GT,3,2.2,0,1.133333333,0.7,0,7.6,5.5,1.266666667,20,32,77,0,3.333333333,7,0,1.8,1.2,1.2,0,1.8,8,0.202162629,,,,,,,,,,,,,,,,,,,,,,
26,M_GT,3,0,1.9,0,2.1,1.7,7.6,1.833333333,3.8,0,32,51.33333333,5.333333333,5,7,1.8,0,0.6,0,0,0,8,0.128519946,,,,,,,,,,,,,,,,,,,,,,
27,M_GT,0,2.2,0,3.4,0,1.133333333,5.066666667,5.5,0,13.33333333,32,77,8,0,7,0,0,1.8,1.8,0.6,1.2,5.333333333,0.25017191,,,,,,,,,,,,,,,,,,,,,,
28,M_GT,3,2.2,1.9,0,2.1,1.7,0,3.666666667,2.533333333,20,32,77,2.666666667,3.333333333,4.666666667,0,1.8,0,0.6,1.8,0.6,0,0.298108474,,,,,,,,,,,,,,,,,,,,,,
29,M_GT,3,2.2,0.633333333,0,1.4,1.7,7.6,1.833333333,3.8,20,0,0,8,0,0,1.8,0.6,1.8,0,1.8,1.8,2.666666667,0.123608238,,,,,,,,,,,,,,,,,,,,,,
30,M_GT,2,0.733333333,0.633333333,3.4,0.7,1.133333333,0,0,2.533333333,13.33333333,21.33333333,25.66666667,2.666666667,3.333333333,2.333333333,0.6,0,1.8,0.6,1.2,1.8,2.666666667,0.190049146,,,,,,,,,,,,,,,,,,,,,,
31,M_GT,1,0.733333333,0,1.133333333,1.4,0.566666667,5.066666667,5.5,1.266666667,20,0,77,5.333333333,5,7,0,1.8,1.2,1.2,0.6,0,0,0.215918732,,,,,,,,,,,,,,,,,,,,,,
32,M_GT,1,0,1.266666667,3.4,1.4,0.566666667,7.6,0,2.533333333,0,32,0,0,5,7,0,1.2,1.8,1.8,0.6,0.6,0,0.295410343,,,,,,,,,,,,,,,,,,,,,,
33,M_GT,0,2.2,0,1.133333333,2.1,1.133333333,7.6,0,3.8,6.666666667,0,77,2.666666667,1.666666667,0,1.8,0,0.6,0,1.8,0,0,0.266269256,,,,,,,,,,,,,,,,,,,,,,
34,M_GT,3,2.2,1.9,3.4,2.1,1.7,5.066666667,0,3.8,20,21.33333333,0,2.666666667,5,0,0.6,0,0,1.2,1.2,0,0,0.10322607,,,,,,,,,,,,,,,,,,,,,,
35,M_GT,2,2.2,1.266666667,3.4,2.1,1.7,0,0,3.8,13.33333333,0,77,5.333333333,0,7,1.8,1.2,0,0,0,1.8,0,0.134974801,,,,,,,,,,,,,,,,,,,,,,
36,M_GT,0,0,1.9,0,2.1,0,0,5.5,2.533333333,13.33333333,21.33333333,77,5.333333333,3.333333333,4.666666667,0.6,0.6,0,0,0,1.8,0,0.392263258,,,,,,,,,,,,,,,,,,,,,,
37,M_GT,1.5,1.1,0.95,1.7,1.05,0.85,3.8,2.75,1.9,10,16,38.5,4,2.5,3.5,0.9,0.9,0.9,0.9,0.9,0.9,4,0.168621691,,,,,,,,,,,,,,,,,,,,,,
38,M_GT,2,0.733333333,0,0,0.7,1.7,7.6,0,3.8,0,21.33333333,25.66666667,0,5,0,0,1.8,0.6,1.8,1.8,0,0,0.371337704,,,,,,,,,,,,,,,,,,,,,,
39,M_GT,0,2.2,0.633333333,0,0,0,0,5.5,0,20,0,77,2.666666667,3.333333333,7,1.8,1.8,0.6,0.6,0.6,0,0,0.421662958,,,,,,,,,,,,,,,,,,,,,,
40,M_GT,0,2.2,1.266666667,3.4,0,0,2.533333333,3.666666667,3.8,20,10.66666667,0,0,5,4.666666667,0,0,0,0,1.8,0,0,0.469016718,,,,,,,,,,,,,,,,,,,,,,
41,M_GT,0,2.2,1.9,2.266666667,2.1,0.566666667,0,1.833333333,2.533333333,0,0,0,8,1.666666667,2.333333333,1.8,1.8,1.2,1.8,0.6,0,8,0.197197082,,,,,,,,,,,,,,,,,,,,,,
42,M_GT,0,1.466666667,0,2.266666667,1.4,1.7,7.6,5.5,1.266666667,20,32,25.66666667,0,1.666666667,2.333333333,0.6,1.2,1.8,1.8,1.2,1.2,2.666666667,0.336667443,,,,,,,,,,,,,,,,,,,,,,
43,M_GT,2,1.466666667,0.633333333,3.4,2.1,0,7.6,5.5,0,6.666666667,10.66666667,77,8,5,2.333333333,1.8,1.2,1.8,1.8,0,0,0,0.152371872,,,,,,,,,,,,,,,,,,,,,,
44,M_GT,3,2.2,0.633333333,0,0,0,7.6,0,3.8,0,0,77,0,0,4.666666667,1.2,0,0,1.2,0,1.2,2.666666667,0.242684157,,,,,,,,,,,,,,,,,,,,,,
45,M_GT,0,0.733333333,0.633333333,0,1.4,0,0,0,3.8,20,32,0,0,5,2.333333333,1.8,0,0.6,1.8,1.8,0.6,8,0.404264093,,,,,,,,,,,,,,,,,,,,,,
46,M_GT,0,0,1.266666667,1.133333333,0.7,1.7,0,5.5,3.8,20,0,51.33333333,5.333333333,0,2.333333333,1.8,1.2,0,1.8,0.6,1.2,0,0.250459139,,,,,,,,,,,,,,,,,,,,,,
47,M_GT,2,2.2,1.9,2.266666667,2.1,1.7,2.533333333,5.5,0,6.666666667,32,51.33333333,8,0,0,1.8,0,1.2,1.8,0,0.6,0,0.147446549,,,,,,,,,,,,,,,,,,,,,,
48,M_GT,1,2.2,0.633333333,3.4,2.1,1.7,5.066666667,3.666666667,3.8,0,0,0,5.333333333,0,0,0,0.6,0.6,1.2,0,0.6,5.333333333,0.220641972,,,,,,,,,,,,,,,,,,,,,,
49,M_GT,0,0,0.633333333,2.266666667,0,0,0,5.5,0,0,10.66666667,25.66666667,8,5,0,1.8,0,1.2,0,1.2,1.2,8,0.398067207,,,,,,,,,,,,,,,,,,,,,,
50,M_GT,3,0,1.9,0,2.1,1.133333333,7.6,0,3.8,20,10.66666667,0,2.666666667,3.333333333,2.333333333,0,0.6,0.6,1.8,1.8,0,8,0.188757017,,,,,,,,,,,,,,,,,,,,,,
51,M_GT,0,0,1.9,3.4,0,0.566666667,0,1.833333333,2.533333333,13.33333333,10.66666667,77,5.333333333,1.666666667,0,0.6,0.6,1.2,0,1.8,1.8,5.333333333,0.288054672,,,,,,,,,,,,,,,,,,,,,,
52,M_GT,3,0.733333333,1.9,1.133333333,0,0,5.066666667,1.833333333,0,20,10.66666667,51.33333333,8,1.666666667,0,0,0,1.8,0,1.8,1.8,0,0.191189496,,,,,,,,,,,,,,,,,,,,,,
53,M_GT,2,0,1.266666667,0,1.4,0.566666667,2.533333333,3.666666667,0,20,21.33333333,0,5.333333333,5,2.333333333,1.8,1.8,0.6,0,0.6,1.2,8,0.240910546,,,,,,,,,,,,,,,,,,,,,,
54,M_GT,0,0,1.9,0,2.1,1.133333333,2.533333333,1.833333333,0,6.666666667,21.33333333,77,5.333333333,0,0,0.6,1.8,0,1.2,1.2,0,0,0.370030662,,,,,,,,,,,,,,,,,,,,,,
55,M_GT,1,2.2,1.266666667,1.133333333,2.1,1.133333333,0,0,0,6.666666667,32,25.66666667,0,5,0,0,0.6,1.2,1.8,0.6,0.6,8,0.441607965,,,,,,,,,,,,,,,,,,,,,,
56,M_GT,1,0,0,0,0,1.7,0,5.5,3.8,6.666666667,21.33333333,77,0,0,0,1.8,0,1.8,1.2,0.6,1.8,8,0.348309767,,,,,,,,,,,,,,,,,,,,,,
57,M_GT,3,1.466666667,1.9,0,0,1.133333333,2.533333333,5.5,3.8,0,32,0,2.666666667,5,7,1.8,1.8,1.8,0,0,0,2.666666667,0.15983571,,,,,,,,,,,,,,,,,,,,,,
58,M_GT,2,0,0.633333333,1.133333333,0,0,2.533333333,1.833333333,1.266666667,6.666666667,32,77,8,5,7,0,0,0,1.8,1.8,0.6,5.333333333,0.158441997,,,,,,,,,,,,,,,,,,,,,,
59,M_GT,0,0.733333333,0,1.133333333,0,1.7,2.533333333,1.833333333,3.8,13.33333333,32,77,0,1.666666667,7,1.8,0.6,1.2,0,1.8,0,8,0.372947539,,,,,,,,,,,,,,,,,,,,,,
60,M_GT,0,2.2,0,3.4,0,1.133333333,7.6,3.666666667,1.266666667,20,0,25.66666667,8,5,7,1.8,0.6,1.8,0.6,0,1.8,5.333333333,0.148810995,,,,,,,,,,,,,,,,,,,,,,
61,M_GT,1,0,1.266666667,0,2.1,0,2.533333333,0,0,6.666666667,32,77,8,3.333333333,7,1.2,1.8,1.2,0,0,0,5.333333333,0.291860641,,,,,,,,,,,,,,,,,,,,,,
62,M_GT,0,0.733333333,0,2.266666667,0,0.566666667,7.6,0,1.266666667,6.666666667,32,25.66666667,5.333333333,0,0,1.2,0,1.8,1.8,0,1.2,0,0.204181077,,,,,,,,,,,,,,,,,,,,,,
63,M_GT,3,2.2,0,3.4,1.4,0,2.533333333,5.5,0,0,0,0,8,5,0,1.2,1.8,1.8,1.8,1.8,1.8,5.333333333,0.303326898,,,,,,,,,,,,,,,,,,,,,,
64,M_GT,3,1.466666667,1.266666667,1.133333333,0,1.7,7.6,0,2.533333333,13.33333333,10.66666667,77,8,5,7,0.6,0.6,1.8,0.6,1.2,1.8,8,0.109153659,,,,,,,,,,,,,,,,,,,,,,
65,M_GT,1,1.466666667,1.9,3.4,2.1,0,0,0,3.8,20,10.66666667,77,5.333333333,1.666666667,7,0.6,1.8,1.8,0.6,1.8,0.6,5.333333333,0.223134214,,,,,,,,,,,,,,,,,,,,,,
66,M_GT,1,1.466666667,0,2.266666667,0.7,0,0,0,0,13.33333333,0,0,8,5,4.666666667,1.2,1.8,0,0,1.2,1.2,2.666666667,0.349012065,,,,,,,,,,,,,,,,,,,,,,
67,M_GT,3,0.733333333,1.9,3.4,0.7,0,7.6,3.666666667,0,20,32,51.33333333,2.666666667,0,4.666666667,1.2,1.2,0.6,1.2,1.2,1.8,2.666666667,0.141351433,,,,,,,,,,,,,,,,,,,,,,
68,M_GT,3,0,0,3.4,1.4,0,7.6,3.666666667,0,0,10.66666667,0,0,1.666666667,7,0.6,0.6,0,0.6,1.8,0.6,8,0.304729606,,,,,,,,,,,,,,,,,,,,,,
69,M_GT,0,0,1.9,3.4,0,1.7,5.066666667,5.5,0,6.666666667,0,51.33333333,0,0,2.333333333,1.8,1.8,1.8,0,1.8,0,5.333333333,0.286090161,,,,,,,,,,,,,,,,,,,,,,
70,M_GT,1,0,0,0,0,0,7.6,5.5,0,0,32,25.66666667,2.666666667,0,0,1.8,1.2,1.2,1.2,0.6,1.8,5.333333333,0.42187438,,,,,,,,,,,,,,,,,,,,,,
71,M_GT,2,0.733333333,0,0,0,0,7.6,0,1.266666667,0,10.66666667,0,0,0,4.666666667,0,0.6,1.8,0,0,1.8,2.666666667,0.400512334,,,,,,,,,,,,,,,,,,,,,,
72,M_GT,0,0,0,2.266666667,1.4,1.133333333,0,1.833333333,3.8,0,21.33333333,77,2.666666667,5,7,0,1.8,0,1.8,0,0,8,0.417353505,,,,,,,,,,,,,,,,,,,,,,
73,M_GT,1.5,1.1,0.95,1.7,1.05,0.85,3.8,2.75,1.9,10,16,38.5,4,2.5,3.5,0.9,0.9,0.9,0.9,0.9,0.9,4,0.168621691,,,,,,,,,,,,,,,,,,,,,,
1,M_C_DO,1.5,1.1,0.95,1.7,1.05,0.85,3.8,2.75,1.9,10,16,38.5,4,2.5,3.5,0.9,0.9,0.9,0.9,0.9,0.9,4,0.17596349,,,,,,,,,,,,,,,,,,,,,,
2,M_C_DO,3,0.733333333,0,0,0.7,0,2.533333333,0,2.533333333,20,32,77,8,1.666666667,0,0,0,0,0,0.6,0.6,2.666666667,0.148386144,,,,,,,,,,,,,,,,,,,,,,
3,M_C_DO,3,0,1.266666667,3.4,0.7,1.7,0,0,1.266666667,13.33333333,0,25.66666667,0,0,0,1.2,0.6,1.8,1.8,1.8,1.2,8,0.194956441,,,,,,,,,,,,,,,,,,,,,,
4,M_C_DO,3,0,0,2.266666667,0.7,0.566666667,7.6,0,3.8,0,32,0,0,1.666666667,4.666666667,1.2,1.8,1.8,1.8,1.2,1.8,5.333333333,0.174435073,,,,,,,,,,,,,,,,,,,,,,
5,M_C_DO,0,1.466666667,1.266666667,3.4,2.1,0,5.066666667,5.5,3.8,20,32,0,0,3.333333333,7,1.8,1.8,0,1.2,0,1.8,0,0.315288644,,,,,,,,,,,,,,,,,,,,,,
6,M_C_DO,1,2.2,1.266666667,3.4,1.4,0.566666667,0,0,0,0,32,51.33333333,8,1.666666667,4.666666667,0,0,0.6,1.2,1.8,1.8,8,0.225926018,,,,,,,,,,,,,,,,,,,,,,
7,M_C_DO,0,1.466666667,1.9,1.133333333,0,1.133333333,7.6,3.666666667,0,0,0,77,8,3.333333333,0,1.8,0,0,0.6,0.6,1.8,8,0.252319882,,,,,,,,,,,,,,,,,,,,,,
8,M_C_DO,2,1.466666667,0,0,1.4,1.7,0,5.5,0,0,10.66666667,0,0,5,7,1.2,0,1.8,1.2,0,1.2,0,0.347467655,,,,,,,,,,,,,,,,,,,,,,
9,M_C_DO,1,2.2,0.633333333,0,1.4,0,0,5.5,2.533333333,13.33333333,0,25.66666667,2.666666667,0,7,0,1.8,0,1.8,0,0,5.333333333,0.312643994,,,,,,,,,,,,,,,,,,,,,,
10,M_C_DO,2,2.2,0,0,0.7,1.7,5.066666667,1.833333333,1.266666667,6.666666667,0,51.33333333,0,1.666666667,2.333333333,1.2,0,1.8,0,0,1.8,0,0.235009698,,,,,,,,,,,,,,,,,,,,,,
11,M_C_DO,3,1.466666667,0.633333333,0,2.1,0.566666667,7.6,1.833333333,1.266666667,20,0,0,0,5,7,0,1.8,0,1.8,1.8,1.2,8,0.182417081,,,,,,,,,,,,,,,,,,,,,,
12,M_C_DO,1,0,0,2.266666667,2.1,1.7,5.066666667,3.666666667,1.266666667,13.33333333,0,51.33333333,8,3.333333333,7,0.6,1.8,1.8,1.8,1.8,1.8,2.666666667,0.138276842,,,,,,,,,,,,,,,,,,,,,,
13,M_C_DO,0,2.2,1.9,3.4,0,0,5.066666667,5.5,3.8,6.666666667,21.33333333,25.66666667,8,0,0,0,1.2,0,0.6,1.8,0.6,8,0.17874748,,,,,,,,,,,,,,,,,,,,,,
14,M_C_DO,3,1.466666667,1.9,3.4,2.1,1.7,5.066666667,5.5,1.266666667,13.33333333,0,25.66666667,0,3.333333333,0,0,1.2,0.6,0,0,0,0,0.147463942,,,,,,,,,,,,,,,,,,,,,,
15,M_C_DO,0,0,1.9,3.4,2.1,1.7,7.6,1.833333333,0,20,32,0,5.333333333,0,4.666666667,0,1.2,1.2,1.8,0,0,8,0.195658237,,,,,,,,,,,,,,,,,,,,,,
16,M_C_DO,3,0,1.9,0,0.7,0.566666667,0,5.5,2.533333333,0,21.33333333,0,8,0,7,1.8,0,0.6,1.8,1.2,1.8,2.666666667,0.176908769,,,,,,,,,,,,,,,,,,,,,,
17,M_C_DO,3,0.733333333,1.9,2.266666667,0,1.7,2.533333333,5.5,0,0,32,0,0,5,2.333333333,1.8,1.8,1.2,0.6,1.8,1.8,8,0.214875912,,,,,,,,,,,,,,,,,,,,,,
18,M_C_DO,2,0,0,1.133333333,2.1,0.566666667,5.066666667,0,3.8,0,32,51.33333333,8,0,0,1.2,0,0,0.6,0,0,2.666666667,0.157555164,,,,,,,,,,,,,,,,,,,,,,
19,M_C_DO,0,1.466666667,1.9,2.266666667,0,0.566666667,2.533333333,0,3.8,20,21.33333333,77,0,0,4.666666667,0.6,1.2,0,0,0,0,8,0.458194703,,,,,,,,,,,,,,,,,,,,,,
20,M_C_DO,0,0.733333333,1.9,1.133333333,0,1.7,0,5.5,0,20,10.66666667,0,2.666666667,0,0,1.2,1.8,0,0,0,0,0,0.383828054,,,,,,,,,,,,,,,,,,,,,,
21,M_C_DO,2,2.2,0,0,0,1.133333333,0,0,2.533333333,0,0,0,0,5,4.666666667,0.6,1.2,1.8,0.6,1.8,1.2,8,0.338434186,,,,,,,,,,,,,,,,,,,,,,
22,M_C_DO,3,2.2,0.633333333,3.4,2.1,1.133333333,7.6,3.666666667,2.533333333,20,21.33333333,51.33333333,8,5,7,1.8,0,0,0,1.8,0,0,0.057870856,,,,,,,,,,,,,,,,,,,,,,
23,M_C_DO,3,0,1.9,3.4,2.1,1.7,0,3.666666667,0,0,0,51.33333333,8,0,2.333333333,0,1.8,0,1.8,1.2,1.8,0,0.173145159,,,,,,,,,,,,,,,,,,,,,,
24,M_C_DO,3,2.2,1.266666667,2.266666667,0.7,0,7.6,3.666666667,3.8,0,0,77,8,3.333333333,0,0,0,1.8,0,1.2,0.6,8,0.12256867,,,,,,,,,,,,,,,,,,,,,,
25,M_C_DO,3,2.2,0,1.133333333,0.7,0,7.6,5.5,1.266666667,20,32,77,0,3.333333333,7,0,1.8,1.2,1.2,0,1.8,8,0.177796894,,,,,,,,,,,,,,,,,,,,,,
26,M_C_DO,3,0,1.9,0,2.1,1.7,7.6,1.833333333,3.8,0,32,51.33333333,5.333333333,5,7,1.8,0,0.6,0,0,0,8,0.15067329,,,,,,,,,,,,,,,,,,,,,,
27,M_C_DO,0,2.2,0,3.4,0,1.133333333,5.066666667,5.5,0,13.33333333,32,77,8,0,7,0,0,1.8,1.8,0.6,1.2,5.333333333,0.171678673,,,,,,,,,,,,,,,,,,,,,,
28,M_C_DO,3,2.2,1.9,0,2.1,1.7,0,3.666666667,2.533333333,20,32,77,2.666666667,3.333333333,4.666666667,0,1.8,0,0.6,1.8,0.6,0,0.215573612,,,,,,,,,,,,,,,,,,,,,,
29,M_C_DO,3,2.2,0.633333333,0,1.4,1.7,7.6,1.833333333,3.8,20,0,0,8,0,0,1.8,0.6,1.8,0,1.8,1.8,2.666666667,0.104470565,,,,,,,,,,,,,,,,,,,,,,
30,M_C_DO,2,0.733333333,0.633333333,3.4,0.7,1.133333333,0,0,2.533333333,13.33333333,21.33333333,25.66666667,2.666666667,3.333333333,2.333333333,0.6,0,1.8,0.6,1.2,1.8,2.666666667,0.196201348,,,,,,,,,,,,,,,,,,,,,,
31,M_C_DO,1,0.733333333,0,1.133333333,1.4,0.566666667,5.066666667,5.5,1.266666667,20,0,77,5.333333333,5,7,0,1.8,1.2,1.2,0.6,0,0,0.196879073,,,,,,,,,,,,,,,,,,,,,,
32,M_C_DO,1,0,1.266666667,3.4,1.4,0.566666667,7.6,0,2.533333333,0,32,0,0,5,7,0,1.2,1.8,1.8,0.6,0.6,0,0.2928013,,,,,,,,,,,,,,,,,,,,,,
33,M_C_DO,0,2.2,0,1.133333333,2.1,1.133333333,7.6,0,3.8,6.666666667,0,77,2.666666667,1.666666667,0,1.8,0,0.6,0,1.8,0,0,0.286675586,,,,,,,,,,,,,,,,,,,,,,
34,M_C_DO,3,2.2,1.9,3.4,2.1,1.7,5.066666667,0,3.8,20,21.33333333,0,2.666666667,5,0,0.6,0,0,1.2,1.2,0,0,0.102512463,,,,,,,,,,,,,,,,,,,,,,
35,M_C_DO,2,2.2,1.266666667,3.4,2.1,1.7,0,0,3.8,13.33333333,0,77,5.333333333,0,7,1.8,1.2,0,0,0,1.8,0,0.163942261,,,,,,,,,,,,,,,,,,,,,,
36,M_C_DO,0,0,1.9,0,2.1,0,0,5.5,2.533333333,13.33333333,21.33333333,77,5.333333333,3.333333333,4.666666667,0.6,0.6,0,0,0,1.8,0,0.338627188,,,,,,,,,,,,,,,,,,,,,,
37,M_C_DO,1.5,1.1,0.95,1.7,1.05,0.85,3.8,2.75,1.9,10,16,38.5,4,2.5,3.5,0.9,0.9,0.9,0.9,0.9,0.9,4,0.17596349,,,,,,,,,,,,,,,,,,,,,,
38,M_C_DO,2,0.733333333,0,0,0.7,1.7,7.6,0,3.8,0,21.33333333,25.66666667,0,5,0,0,1.8,0.6,1.8,1.8,0,0,0.262664528,,,,,,,,,,,,,,,,,,,,,,
39,M_C_DO,0,2.2,0.633333333,0,0,0,0,5.5,0,20,0,77,2.666666667,3.333333333,7,1.8,1.8,0.6,0.6,0.6,0,0,0.372336923,,,,,,,,,,,,,,,,,,,,,,
40,M_C_DO,0,2.2,1.266666667,3.4,0,0,2.533333333,3.666666667,3.8,20,10.66666667,0,0,5,4.666666667,0,0,0,0,1.8,0,0,0.424543057,,,,,,,,,,,,,,,,,,,,,,
41,M_C_DO,0,2.2,1.9,2.266666667,2.1,0.566666667,0,1.833333333,2.533333333,0,0,0,8,1.666666667,2.333333333,1.8,1.8,1.2,1.8,0.6,0,8,0.289445024,,,,,,,,,,,,,,,,,,,,,,
42,M_C_DO,0,1.466666667,0,2.266666667,1.4,1.7,7.6,5.5,1.266666667,20,32,25.66666667,0,1.666666667,2.333333333,0.6,1.2,1.8,1.8,1.2,1.2,2.666666667,0.395062979,,,,,,,,,,,,,,,,,,,,,,
43,M_C_DO,2,1.466666667,0.633333333,3.4,2.1,0,7.6,5.5,0,6.666666667,10.66666667,77,8,5,2.333333333,1.8,1.2,1.8,1.8,0,0,0,0.076888071,,,,,,,,,,,,,,,,,,,,,,
44,M_C_DO,3,2.2,0.633333333,0,0,0,7.6,0,3.8,0,0,77,0,0,4.666666667,1.2,0,0,1.2,0,1.2,2.666666667,0.221610659,,,,,,,,,,,,,,,,,,,,,,
45,M_C_DO,0,0.733333333,0.633333333,0,1.4,0,0,0,3.8,20,32,0,0,5,2.333333333,1.8,0,0.6,1.8,1.8,0.6,8,0.504097602,,,,,,,,,,,,,,,,,,,,,,
46,M_C_DO,0,0,1.266666667,1.133333333,0.7,1.7,0,5.5,3.8,20,0,51.33333333,5.333333333,0,2.333333333,1.8,1.2,0,1.8,0.6,1.2,0,0.310028498,,,,,,,,,,,,,,,,,,,,,,
47,M_C_DO,2,2.2,1.9,2.266666667,2.1,1.7,2.533333333,5.5,0,6.666666667,32,51.33333333,8,0,0,1.8,0,1.2,1.8,0,0.6,0,0.126471342,,,,,,,,,,,,,,,,,,,,,,
48,M_C_DO,1,2.2,0.633333333,3.4,2.1,1.7,5.066666667,3.666666667,3.8,0,0,0,5.333333333,0,0,0,0.6,0.6,1.2,0,0.6,5.333333333,0.174470102,,,,,,,,,,,,,,,,,,,,,,
49,M_C_DO,0,0,0.633333333,2.266666667,0,0,0,5.5,0,0,10.66666667,25.66666667,8,5,0,1.8,0,1.2,0,1.2,1.2,8,0.288391584,,,,,,,,,,,,,,,,,,,,,,
50,M_C_DO,3,0,1.9,0,2.1,1.133333333,7.6,0,3.8,20,10.66666667,0,2.666666667,3.333333333,2.333333333,0,0.6,0.6,1.8,1.8,0,8,0.145009021,,,,,,,,,,,,,,,,,,,,,,
51,M_C_DO,0,0,1.9,3.4,0,0.566666667,0,1.833333333,2.533333333,13.33333333,10.66666667,77,5.333333333,1.666666667,0,0.6,0.6,1.2,0,1.8,1.8,5.333333333,0.274457108,,,,,,,,,,,,,,,,,,,,,,
52,M_C_DO,3,0.733333333,1.9,1.133333333,0,0,5.066666667,1.833333333,0,20,10.66666667,51.33333333,8,1.666666667,0,0,0,1.8,0,1.8,1.8,0,0.112259094,,,,,,,,,,,,,,,,,,,,,,
53,M_C_DO,2,0,1.266666667,0,1.4,0.566666667,2.533333333,3.666666667,0,20,21.33333333,0,5.333333333,5,2.333333333,1.8,1.8,0.6,0,0.6,1.2,8,0.172933562,,,,,,,,,,,,,,,,,,,,,,
54,M_C_DO,0,0,1.9,0,2.1,1.133333333,2.533333333,1.833333333,0,6.666666667,21.33333333,77,5.333333333,0,0,0.6,1.8,0,1.2,1.2,0,0,0.305027643,,,,,,,,,,,,,,,,,,,,,,
55,M_C_DO,1,2.2,1.266666667,1.133333333,2.1,1.133333333,0,0,0,6.666666667,32,25.66666667,0,5,0,0,0.6,1.2,1.8,0.6,0.6,8,0.392300355,,,,,,,,,,,,,,,,,,,,,,
56,M_C_DO,1,0,0,0,0,1.7,0,5.5,3.8,6.666666667,21.33333333,77,0,0,0,1.8,0,1.8,1.2,0.6,1.8,8,0.381427566,,,,,,,,,,,,,,,,,,,,,,
57,M_C_DO,3,1.466666667,1.9,0,0,1.133333333,2.533333333,5.5,3.8,0,32,0,2.666666667,5,7,1.8,1.8,1.8,0,0,0,2.666666667,0.203213388,,,,,,,,,,,,,,,,,,,,,,
58,M_C_DO,2,0,0.633333333,1.133333333,0,0,2.533333333,1.833333333,1.266666667,6.666666667,32,77,8,5,7,0,0,0,1.8,1.8,0.6,5.333333333,0.153542222,,,,,,,,,,,,,,,,,,,,,,
59,M_C_DO,0,0.733333333,0,1.133333333,0,1.7,2.533333333,1.833333333,3.8,13.33333333,32,77,0,1.666666667,7,1.8,0.6,1.2,0,1.8,0,8,0.449263547,,,,,,,,,,,,,,,,,,,,,,
60,M_C_DO,0,2.2,0,3.4,0,1.133333333,7.6,3.666666667,1.266666667,20,0,25.66666667,8,5,7,1.8,0.6,1.8,0.6,0,1.8,5.333333333,0.157164799,,,,,,,,,,,,,,,,,,,,,,
61,M_C_DO,1,0,1.266666667,0,2.1,0,2.533333333,0,0,6.666666667,32,77,8,3.333333333,7,1.2,1.8,1.2,0,0,0,5.333333333,0.203617705,,,,,,,,,,,,,,,,,,,,,,
62,M_C_DO,0,0.733333333,0,2.266666667,0,0.566666667,7.6,0,1.266666667,6.666666667,32,25.66666667,5.333333333,0,0,1.2,0,1.8,1.8,0,1.2,0,0.218354826,,,,,,,,,,,,,,,,,,,,,,
63,M_C_DO,3,2.2,0,3.4,1.4,0,2.533333333,5.5,0,0,0,0,8,5,0,1.2,1.8,1.8,1.8,1.8,1.8,5.333333333,0.145224824,,,,,,,,,,,,,,,,,,,,,,
64,M_C_DO,3,1.466666667,1.266666667,1.133333333,0,1.7,7.6,0,2.533333333,13.33333333,10.66666667,77,8,5,7,0.6,0.6,1.8,0.6,1.2,1.8,8,0.102104485,,,,,,,,,,,,,,,,,,,,,,
65,M_C_DO,1,1.466666667,1.9,3.4,2.1,0,0,0,3.8,20,10.66666667,77,5.333333333,1.666666667,7,0.6,1.8,1.8,0.6,1.8,0.6,5.333333333,0.216588146,,,,,,,,,,,,,,,,,,,,,,
66,M_C_DO,1,1.466666667,0,2.266666667,0.7,0,0,0,0,13.33333333,0,0,8,5,4.666666667,1.2,1.8,0,0,1.2,1.2,2.666666667,0.218180192,,,,,,,,,,,,,,,,,,,,,,
67,M_C_DO,3,0.733333333,1.9,3.4,0.7,0,7.6,3.666666667,0,20,32,51.33333333,2.666666667,0,4.666666667,1.2,1.2,0.6,1.2,1.2,1.8,2.666666667,0.0964058,,,,,,,,,,,,,,,,,,,,,,
68,M_C_DO,3,0,0,3.4,1.4,0,7.6,3.666666667,0,0,10.66666667,0,0,1.666666667,7,0.6,0.6,0,0.6,1.8,0.6,8,0.173073673,,,,,,,,,,,,,,,,,,,,,,
69,M_C_DO,0,0,1.9,3.4,0,1.7,5.066666667,5.5,0,6.666666667,0,51.33333333,0,0,2.333333333,1.8,1.8,1.8,0,1.8,0,5.333333333,0.325100127,,,,,,,,,,,,,,,,,,,,,,
70,M_C_DO,1,0,0,0,0,0,7.6,5.5,0,0,32,25.66666667,2.666666667,0,0,1.8,1.2,1.2,1.2,0.6,1.8,5.333333333,0.250857982,,,,,,,,,,,,,,,,,,,,,,
71,M_C_DO,2,0.733333333,0,0,0,0,7.6,0,1.266666667,0,10.66666667,0,0,0,4.666666667,0,0.6,1.8,0,0,1.8,2.666666667,0.274235923,,,,,,,,,,,,,,,,,,,,,,
72,M_C_DO,0,0,0,2.266666667,1.4,1.133333333,0,1.833333333,3.8,0,21.33333333,77,2.666666667,5,7,0,1.8,0,1.8,0,0,8,0.399731328,,,,,,,,,,,,,,,,,,,,,,
73,M_C_DO,1.5,1.1,0.95,1.7,1.05,0.85,3.8,2.75,1.9,10,16,38.5,4,2.5,3.5,0.9,0.9,0.9,0.9,0.9,0.9,4,0.17596349,,,,,,,,,,,,,,,,,,,,,,
1,M_C_UP,1.5,1.1,0.95,1.7,1.05,0.85,3.8,2.75,1.9,10,16,38.5,4,2.5,3.5,0.9,0.9,0.9,0.9,0.9,0.9,4,0.207347309,,,,,,,,,,,,,,,,,,,,,,
2,M_C_UP,3,0.733333333,0,0,0.7,0,2.533333333,0,2.533333333,20,32,77,8,1.666666667,0,0,0,0,0,0.6,0.6,2.666666667,0.160472218,,,,,,,,,,,,,,,,,,,,,,
3,M_C_UP,3,0,1.266666667,3.4,0.7,1.7,0,0,1.266666667,13.33333333,0,25.66666667,0,0,0,1.2,0.6,1.8,1.8,1.8,1.2,8,0.239376872,,,,,,,,,,,,,,,,,,,,,,
4,M_C_UP,3,0,0,2.266666667,0.7,0.566666667,7.6,0,3.8,0,32,0,0,1.666666667,4.666666667,1.2,1.8,1.8,1.8,1.2,1.8,5.333333333,0.222878741,,,,,,,,,,,,,,,,,,,,,,
5,M_C_UP,0,1.466666667,1.266666667,3.4,2.1,0,5.066666667,5.5,3.8,20,32,0,0,3.333333333,7,1.8,1.8,0,1.2,0,1.8,0,0.379932015,,,,,,,,,,,,,,,,,,,,,,
6,M_C_UP,1,2.2,1.266666667,3.4,1.4,0.566666667,0,0,0,0,32,51.33333333,8,1.666666667,4.666666667,0,0,0.6,1.2,1.8,1.8,8,0.279760751,,,,,,,,,,,,,,,,,,,,,,
7,M_C_UP,0,1.466666667,1.9,1.133333333,0,1.133333333,7.6,3.666666667,0,0,0,77,8,3.333333333,0,1.8,0,0,0.6,0.6,1.8,8,0.307097789,,,,,,,,,,,,,,,,,,,,,,
8,M_C_UP,2,1.466666667,0,0,1.4,1.7,0,5.5,0,0,10.66666667,0,0,5,7,1.2,0,1.8,1.2,0,1.2,0,0.404582031,,,,,,,,,,,,,,,,,,,,,,
9,M_C_UP,1,2.2,0.633333333,0,1.4,0,0,5.5,2.533333333,13.33333333,0,25.66666667,2.666666667,0,7,0,1.8,0,1.8,0,0,5.333333333,0.380316061,,,,,,,,,,,,,,,,,,,,,,
10,M_C_UP,2,2.2,0,0,0.7,1.7,5.066666667,1.833333333,1.266666667,6.666666667,0,51.33333333,0,1.666666667,2.333333333,1.2,0,1.8,0,0,1.8,0,0.282829657,,,,,,,,,,,,,,,,,,,,,,
11,M_C_UP,3,1.466666667,0.633333333,0,2.1,0.566666667,7.6,1.833333333,1.266666667,20,0,0,0,5,7,0,1.8,0,1.8,1.8,1.2,8,0.213570293,,,,,,,,,,,,,,,,,,,,,,
12,M_C_UP,1,0,0,2.266666667,2.1,1.7,5.066666667,3.666666667,1.266666667,13.33333333,0,51.33333333,8,3.333333333,7,0.6,1.8,1.8,1.8,1.8,1.8,2.666666667,0.163068321,,,,,,,,,,,,,,,,,,,,,,
13,M_C_UP,0,2.2,1.9,3.4,0,0,5.066666667,5.5,3.8,6.666666667,21.33333333,25.66666667,8,0,0,0,1.2,0,0.6,1.8,0.6,8,0.215830952,,,,,,,,,,,,,,,,,,,,,,
14,M_C_UP,3,1.466666667,1.9,3.4,2.1,1.7,5.066666667,5.5,1.266666667,13.33333333,0,25.66666667,0,3.333333333,0,0,1.2,0.6,0,0,0,0,0.176304373,,,,,,,,,,,,,,,,,,,,,,
15,M_C_UP,0,0,1.9,3.4,2.1,1.7,7.6,1.833333333,0,20,32,0,5.333333333,0,4.666666667,0,1.2,1.2,1.8,0,0,8,0.240620224,,,,,,,,,,,,,,,,,,,,,,
16,M_C_UP,3,0,1.9,0,0.7,0.566666667,0,5.5,2.533333333,0,21.33333333,0,8,0,7,1.8,0,0.6,1.8,1.2,1.8,2.666666667,0.230684082,,,,,,,,,,,,,,,,,,,,,,
17,M_C_UP,3,0.733333333,1.9,2.266666667,0,1.7,2.533333333,5.5,0,0,32,0,0,5,2.333333333,1.8,1.8,1.2,0.6,1.8,1.8,8,0.26336331,,,,,,,,,,,,,,,,,,,,,,
18,M_C_UP,2,0,0,1.133333333,2.1,0.566666667,5.066666667,0,3.8,0,32,51.33333333,8,0,0,1.2,0,0,0.6,0,0,2.666666667,0.19277043,,,,,,,,,,,,,,,,,,,,,,
19,M_C_UP,0,1.466666667,1.9,2.266666667,0,0.566666667,2.533333333,0,3.8,20,21.33333333,77,0,0,4.666666667,0.6,1.2,0,0,0,0,8,0.544558989,,,,,,,,,,,,,,,,,,,,,,
20,M_C_UP,0,0.733333333,1.9,1.133333333,0,1.7,0,5.5,0,20,10.66666667,0,2.666666667,0,0,1.2,1.8,0,0,0,0,0,0.463875568,,,,,,,,,,,,,,,,,,,,,,
21,M_C_UP,2,2.2,0,0,0,1.133333333,0,0,2.533333333,0,0,0,0,5,4.666666667,0.6,1.2,1.8,0.6,1.8,1.2,8,0.43176515,,,,,,,,,,,,,,,,,,,,,,
22,M_C_UP,3,2.2,0.633333333,3.4,2.1,1.133333333,7.6,3.666666667,2.533333333,20,21.33333333,51.33333333,8,5,7,1.8,0,0,0,1.8,0,0,0.07231429,,,,,,,,,,,,,,,,,,,,,,
23,M_C_UP,3,0,1.9,3.4,2.1,1.7,0,3.666666667,0,0,0,51.33333333,8,0,2.333333333,0,1.8,0,1.8,1.2,1.8,0,0.216109746,,,,,,,,,,,,,,,,,,,,,,
24,M_C_UP,3,2.2,1.266666667,2.266666667,0.7,0,7.6,3.666666667,3.8,0,0,77,8,3.333333333,0,0,0,1.8,0,1.2,0.6,8,0.157089651,,,,,,,,,,,,,,,,,,,,,,
25,M_C_UP,3,2.2,0,1.133333333,0.7,0,7.6,5.5,1.266666667,20,32,77,0,3.333333333,7,0,1.8,1.2,1.2,0,1.8,8,0.210853754,,,,,,,,,,,,,,,,,,,,,,
26,M_C_UP,3,0,1.9,0,2.1,1.7,7.6,1.833333333,3.8,0,32,51.33333333,5.333333333,5,7,1.8,0,0.6,0,0,0,8,0.174825032,,,,,,,,,,,,,,,,,,,,,,
27,M_C_UP,0,2.2,0,3.4,0,1.133333333,5.066666667,5.5,0,13.33333333,32,77,8,0,7,0,0,1.8,1.8,0.6,1.2,5.333333333,0.20845029,,,,,,,,,,,,,,,,,,,,,,
28,M_C_UP,3,2.2,1.9,0,2.1,1.7,0,3.666666667,2.533333333,20,32,77,2.666666667,3.333333333,4.666666667,0,1.8,0,0.6,1.8,0.6,0,0.247948594,,,,,,,,,,,,,,,,,,,,,,
29,M_C_UP,3,2.2,0.633333333,0,1.4,1.7,7.6,1.833333333,3.8,20,0,0,8,0,0,1.8,0.6,1.8,0,1.8,1.8,2.666666667,0.116186599,,,,,,,,,,,,,,,,,,,,,,
30,M_C_UP,2,0.733333333,0.633333333,3.4,0.7,1.133333333,0,0,2.533333333,13.33333333,21.33333333,25.66666667,2.666666667,3.333333333,2.333333333,0.6,0,1.8,0.6,1.2,1.8,2.666666667,0.243694878,,,,,,,,,,,,,,,,,,,,,,
31,M_C_UP,1,0.733333333,0,1.133333333,1.4,0.566666667,5.066666667,5.5,1.266666667,20,0,77,5.333333333,5,7,0,1.8,1.2,1.2,0.6,0,0,0.225165373,,,,,,,,,,,,,,,,,,,,,,
32,M_C_UP,1,0,1.266666667,3.4,1.4,0.566666667,7.6,0,2.533333333,0,32,0,0,5,7,0,1.2,1.8,1.8,0.6,0.6,0,0.354008204,,,,,,,,,,,,,,,,,,,,,,
33,M_C_UP,0,2.2,0,1.133333333,2.1,1.133333333,7.6,0,3.8,6.666666667,0,77,2.666666667,1.666666667,0,1.8,0,0.6,0,1.8,0,0,0.347943794,,,,,,,,,,,,,,,,,,,,,,
34,M_C_UP,3,2.2,1.9,3.4,2.1,1.7,5.066666667,0,3.8,20,21.33333333,0,2.666666667,5,0,0.6,0,0,1.2,1.2,0,0,0.125178819,,,,,,,,,,,,,,,,,,,,,,
35,M_C_UP,2,2.2,1.266666667,3.4,2.1,1.7,0,0,3.8,13.33333333,0,77,5.333333333,0,7,1.8,1.2,0,0,0,1.8,0,0.190934716,,,,,,,,,,,,,,,,,,,,,,
36,M_C_UP,0,0,1.9,0,2.1,0,0,5.5,2.533333333,13.33333333,21.33333333,77,5.333333333,3.333333333,4.666666667,0.6,0.6,0,0,0,1.8,0,0.40442957,,,,,,,,,,,,,,,,,,,,,,
37,M_C_UP,1.5,1.1,0.95,1.7,1.05,0.85,3.8,2.75,1.9,10,16,38.5,4,2.5,3.5,0.9,0.9,0.9,0.9,0.9,0.9,4,0.207347309,,,,,,,,,,,,,,,,,,,,,,
38,M_C_UP,2,0.733333333,0,0,0.7,1.7,7.6,0,3.8,0,21.33333333,25.66666667,0,5,0,0,1.8,0.6,1.8,1.8,0,0,0.325348067,,,,,,,,,,,,,,,,,,,,,,
39,M_C_UP,0,2.2,0.633333333,0,0,0,0,5.5,0,20,0,77,2.666666667,3.333333333,7,1.8,1.8,0.6,0.6,0.6,0,0,0.454200146,,,,,,,,,,,,,,,,,,,,,,
40,M_C_UP,0,2.2,1.266666667,3.4,0,0,2.533333333,3.666666667,3.8,20,10.66666667,0,0,5,4.666666667,0,0,0,0,1.8,0,0,0.498617294,,,,,,,,,,,,,,,,,,,,,,
41,M_C_UP,0,2.2,1.9,2.266666667,2.1,0.566666667,0,1.833333333,2.533333333,0,0,0,8,1.666666667,2.333333333,1.8,1.8,1.2,1.8,0.6,0,8,0.362667754,,,,,,,,,,,,,,,,,,,,,,
42,M_C_UP,0,1.466666667,0,2.266666667,1.4,1.7,7.6,5.5,1.266666667,20,32,25.66666667,0,1.666666667,2.333333333,0.6,1.2,1.8,1.8,1.2,1.2,2.666666667,0.469465319,,,,,,,,,,,,,,,,,,,,,,
43,M_C_UP,2,1.466666667,0.633333333,3.4,2.1,0,7.6,5.5,0,6.666666667,10.66666667,77,8,5,2.333333333,1.8,1.2,1.8,1.8,0,0,0,0.091944856,,,,,,,,,,,,,,,,,,,,,,
44,M_C_UP,3,2.2,0.633333333,0,0,0,7.6,0,3.8,0,0,77,0,0,4.666666667,1.2,0,0,1.2,0,1.2,2.666666667,0.262004694,,,,,,,,,,,,,,,,,,,,,,
45,M_C_UP,0,0.733333333,0.633333333,0,1.4,0,0,0,3.8,20,32,0,0,5,2.333333333,1.8,0,0.6,1.8,1.8,0.6,8,0.583689982,,,,,,,,,,,,,,,,,,,,,,
46,M_C_UP,0,0,1.266666667,1.133333333,0.7,1.7,0,5.5,3.8,20,0,51.33333333,5.333333333,0,2.333333333,1.8,1.2,0,1.8,0.6,1.2,0,0.367512071,,,,,,,,,,,,,,,,,,,,,,
47,M_C_UP,2,2.2,1.9,2.266666667,2.1,1.7,2.533333333,5.5,0,6.666666667,32,51.33333333,8,0,0,1.8,0,1.2,1.8,0,0.6,0,0.147852239,,,,,,,,,,,,,,,,,,,,,,
48,M_C_UP,1,2.2,0.633333333,3.4,2.1,1.7,5.066666667,3.666666667,3.8,0,0,0,5.333333333,0,0,0,0.6,0.6,1.2,0,0.6,5.333333333,0.225615956,,,,,,,,,,,,,,,,,,,,,,
49,M_C_UP,0,0,0.633333333,2.266666667,0,0,0,5.5,0,0,10.66666667,25.66666667,8,5,0,1.8,0,1.2,0,1.2,1.2,8,0.368113589,,,,,,,,,,,,,,,,,,,,,,
50,M_C_UP,3,0,1.9,0,2.1,1.133333333,7.6,0,3.8,20,10.66666667,0,2.666666667,3.333333333,2.333333333,0,0.6,0.6,1.8,1.8,0,8,0.164073309,,,,,,,,,,,,,,,,,,,,,,
51,M_C_UP,0,0,1.9,3.4,0,0.566666667,0,1.833333333,2.533333333,13.33333333,10.66666667,77,5.333333333,1.666666667,0,0.6,0.6,1.2,0,1.8,1.8,5.333333333,0.343066242,,,,,,,,,,,,,,,,,,,,,,
52,M_C_UP,3,0.733333333,1.9,1.133333333,0,0,5.066666667,1.833333333,0,20,10.66666667,51.33333333,8,1.666666667,0,0,0,1.8,0,1.8,1.8,0,0.123726022,,,,,,,,,,,,,,,,,,,,,,
53,M_C_UP,2,0,1.266666667,0,1.4,0.566666667,2.533333333,3.666666667,0,20,21.33333333,0,5.333333333,5,2.333333333,1.8,1.8,0.6,0,0.6,1.2,8,0.209725753,,,,,,,,,,,,,,,,,,,,,,
54,M_C_UP,0,0,1.9,0,2.1,1.133333333,2.533333333,1.833333333,0,6.666666667,21.33333333,77,5.333333333,0,0,0.6,1.8,0,1.2,1.2,0,0,0.357245544,,,,,,,,,,,,,,,,,,,,,,
55,M_C_UP,1,2.2,1.266666667,1.133333333,2.1,1.133333333,0,0,0,6.666666667,32,25.66666667,0,5,0,0,0.6,1.2,1.8,0.6,0.6,8,0.469143103,,,,,,,,,,,,,,,,,,,,,,
56,M_C_UP,1,0,0,0,0,1.7,0,5.5,3.8,6.666666667,21.33333333,77,0,0,0,1.8,0,1.8,1.2,0.6,1.8,8,0.440572045,,,,,,,,,,,,,,,,,,,,,,
57,M_C_UP,3,1.466666667,1.9,0,0,1.133333333,2.533333333,5.5,3.8,0,32,0,2.666666667,5,7,1.8,1.8,1.8,0,0,0,2.666666667,0.261348404,,,,,,,,,,,,,,,,,,,,,,
58,M_C_UP,2,0,0.633333333,1.133333333,0,0,2.533333333,1.833333333,1.266666667,6.666666667,32,77,8,5,7,0,0,0,1.8,1.8,0.6,5.333333333,0.172957371,,,,,,,,,,,,,,,,,,,,,,
59,M_C_UP,0,0.733333333,0,1.133333333,0,1.7,2.533333333,1.833333333,3.8,13.33333333,32,77,0,1.666666667,7,1.8,0.6,1.2,0,1.8,0,8,0.529028423,,,,,,,,,,,,,,,,,,,,,,
60,M_C_UP,0,2.2,0,3.4,0,1.133333333,7.6,3.666666667,1.266666667,20,0,25.66666667,8,5,7,1.8,0.6,1.8,0.6,0,1.8,5.333333333,0.196308157,,,,,,,,,,,,,,,,,,,,,,
61,M_C_UP,1,0,1.266666667,0,2.1,0,2.533333333,0,0,6.666666667,32,77,8,3.333333333,7,1.2,1.8,1.2,0,0,0,5.333333333,0.233985582,,,,,,,,,,,,,,,,,,,,,,
62,M_C_UP,0,0.733333333,0,2.266666667,0,0.566666667,7.6,0,1.266666667,6.666666667,32,25.66666667,5.333333333,0,0,1.2,0,1.8,1.8,0,1.2,0,0.261087436,,,,,,,,,,,,,,,,,,,,,,
63,M_C_UP,3,2.2,0,3.4,1.4,0,2.533333333,5.5,0,0,0,0,8,5,0,1.2,1.8,1.8,1.8,1.8,1.8,5.333333333,0.168337531,,,,,,,,,,,,,,,,,,,,,,
64,M_C_UP,3,1.466666667,1.266666667,1.133333333,0,1.7,7.6,0,2.533333333,13.33333333,10.66666667,77,8,5,7,0.6,0.6,1.8,0.6,1.2,1.8,8,0.111310678,,,,,,,,,,,,,,,,,,,,,,
65,M_C_UP,1,1.466666667,1.9,3.4,2.1,0,0,0,3.8,20,10.66666667,77,5.333333333,1.666666667,7,0.6,1.8,1.8,0.6,1.8,0.6,5.333333333,0.263119444,,,,,,,,,,,,,,,,,,,,,,
66,M_C_UP,1,1.466666667,0,2.266666667,0.7,0,0,0,0,13.33333333,0,0,8,5,4.666666667,1.2,1.8,0,0,1.2,1.2,2.666666667,0.256017509,,,,,,,,,,,,,,,,,,,,,,
67,M_C_UP,3,0.733333333,1.9,3.4,0.7,0,7.6,3.666666667,0,20,32,51.33333333,2.666666667,0,4.666666667,1.2,1.2,0.6,1.2,1.2,1.8,2.666666667,0.119858228,,,,,,,,,,,,,,,,,,,,,,
68,M_C_UP,3,0,0,3.4,1.4,0,7.6,3.666666667,0,0,10.66666667,0,0,1.666666667,7,0.6,0.6,0,0.6,1.8,0.6,8,0.212781511,,,,,,,,,,,,,,,,,,,,,,
69,M_C_UP,0,0,1.9,3.4,0,1.7,5.066666667,5.5,0,6.666666667,0,51.33333333,0,0,2.333333333,1.8,1.8,1.8,0,1.8,0,5.333333333,0.388173343,,,,,,,,,,,,,,,,,,,,,,
70,M_C_UP,1,0,0,0,0,0,7.6,5.5,0,0,32,25.66666667,2.666666667,0,0,1.8,1.2,1.2,1.2,0.6,1.8,5.333333333,0.30913613,,,,,,,,,,,,,,,,,,,,,,
71,M_C_UP,2,0.733333333,0,0,0,0,7.6,0,1.266666667,0,10.66666667,0,0,0,4.666666667,0,0.6,1.8,0,0,1.8,2.666666667,0.343422452,,,,,,,,,,,,,,,,,,,,,,
72,M_C_UP,0,0,0,2.266666667,1.4,1.133333333,0,1.833333333,3.8,0,21.33333333,77,2.666666667,5,7,0,1.8,0,1.8,0,0,8,0.469239391,,,,,,,,,,,,,,,,,,,,,,
73,M_C_UP,1.5,1.1,0.95,1.7,1.05,0.85,3.8,2.75,1.9,10,16,38.5,4,2.5,3.5,0.9,0.9,0.9,0.9,0.9,0.9,4,0.207347309,,,,,,,,,,,,,,,,,,,,,,
1,M_K_DO,1.5,1.1,0.95,1.7,1.05,0.85,3.8,2.75,1.9,10,16,38.5,4,2.5,3.5,0.9,0.9,0.9,0.9,0.9,0.9,4,0.204830738,,,,,,,,,,,,,,,,,,,,,,
2,M_K_DO,3,0.733333333,0,0,0.7,0,2.533333333,0,2.533333333,20,32,77,8,1.666666667,0,0,0,0,0,0.6,0.6,2.666666667,0.203272115,,,,,,,,,,,,,,,,,,,,,,
3,M_K_DO,3,0,1.266666667,3.4,0.7,1.7,0,0,1.266666667,13.33333333,0,25.66666667,0,0,0,1.2,0.6,1.8,1.8,1.8,1.2,8,0.23563179,,,,,,,,,,,,,,,,,,,,,,
4,M_K_DO,3,0,0,2.266666667,0.7,0.566666667,7.6,0,3.8,0,32,0,0,1.666666667,4.666666667,1.2,1.8,1.8,1.8,1.2,1.8,5.333333333,0.207443762,,,,,,,,,,,,,,,,,,,,,,
5,M_K_DO,0,1.466666667,1.266666667,3.4,2.1,0,5.066666667,5.5,3.8,20,32,0,0,3.333333333,7,1.8,1.8,0,1.2,0,1.8,0,0.252580076,,,,,,,,,,,,,,,,,,,,,,
6,M_K_DO,1,2.2,1.266666667,3.4,1.4,0.566666667,0,0,0,0,32,51.33333333,8,1.666666667,4.666666667,0,0,0.6,1.2,1.8,1.8,8,0.322746655,,,,,,,,,,,,,,,,,,,,,,
7,M_K_DO,0,1.466666667,1.9,1.133333333,0,1.133333333,7.6,3.666666667,0,0,0,77,8,3.333333333,0,1.8,0,0,0.6,0.6,1.8,8,0.242650172,,,,,,,,,,,,,,,,,,,,,,
8,M_K_DO,2,1.466666667,0,0,1.4,1.7,0,5.5,0,0,10.66666667,0,0,5,7,1.2,0,1.8,1.2,0,1.2,0,0.370395803,,,,,,,,,,,,,,,,,,,,,,
9,M_K_DO,1,2.2,0.633333333,0,1.4,0,0,5.5,2.533333333,13.33333333,0,25.66666667,2.666666667,0,7,0,1.8,0,1.8,0,0,5.333333333,0.417701864,,,,,,,,,,,,,,,,,,,,,,
10,M_K_DO,2,2.2,0,0,0.7,1.7,5.066666667,1.833333333,1.266666667,6.666666667,0,51.33333333,0,1.666666667,2.333333333,1.2,0,1.8,0,0,1.8,0,0.247903627,,,,,,,,,,,,,,,,,,,,,,
11,M_K_DO,3,1.466666667,0.633333333,0,2.1,0.566666667,7.6,1.833333333,1.266666667,20,0,0,0,5,7,0,1.8,0,1.8,1.8,1.2,8,0.24988699,,,,,,,,,,,,,,,,,,,,,,
12,M_K_DO,1,0,0,2.266666667,2.1,1.7,5.066666667,3.666666667,1.266666667,13.33333333,0,51.33333333,8,3.333333333,7,0.6,1.8,1.8,1.8,1.8,1.8,2.666666667,0.168049005,,,,,,,,,,,,,,,,,,,,,,
13,M_K_DO,0,2.2,1.9,3.4,0,0,5.066666667,5.5,3.8,6.666666667,21.33333333,25.66666667,8,0,0,0,1.2,0,0.6,1.8,0.6,8,0.249081659,,,,,,,,,,,,,,,,,,,,,,
14,M_K_DO,3,1.466666667,1.9,3.4,2.1,1.7,5.066666667,5.5,1.266666667,13.33333333,0,25.66666667,0,3.333333333,0,0,1.2,0.6,0,0,0,0,0.205050627,,,,,,,,,,,,,,,,,,,,,,
15,M_K_DO,0,0,1.9,3.4,2.1,1.7,7.6,1.833333333,0,20,32,0,5.333333333,0,4.666666667,0,1.2,1.2,1.8,0,0,8,0.260935992,,,,,,,,,,,,,,,,,,,,,,
16,M_K_DO,3,0,1.9,0,0.7,0.566666667,0,5.5,2.533333333,0,21.33333333,0,8,0,7,1.8,0,0.6,1.8,1.2,1.8,2.666666667,0.173936766,,,,,,,,,,,,,,,,,,,,,,
17,M_K_DO,3,0.733333333,1.9,2.266666667,0,1.7,2.533333333,5.5,0,0,32,0,0,5,2.333333333,1.8,1.8,1.2,0.6,1.8,1.8,8,0.230591918,,,,,,,,,,,,,,,,,,,,,,
18,M_K_DO,2,0,0,1.133333333,2.1,0.566666667,5.066666667,0,3.8,0,32,51.33333333,8,0,0,1.2,0,0,0.6,0,0,2.666666667,0.183896707,,,,,,,,,,,,,,,,,,,,,,
19,M_K_DO,0,1.466666667,1.9,2.266666667,0,0.566666667,2.533333333,0,3.8,20,21.33333333,77,0,0,4.666666667,0.6,1.2,0,0,0,0,8,0.473622418,,,,,,,,,,,,,,,,,,,,,,
20,M_K_DO,0,0.733333333,1.9,1.133333333,0,1.7,0,5.5,0,20,10.66666667,0,2.666666667,0,0,1.2,1.8,0,0,0,0,0,0.406694742,,,,,,,,,,,,,,,,,,,,,,
21,M_K_DO,2,2.2,0,0,0,1.133333333,0,0,2.533333333,0,0,0,0,5,4.666666667,0.6,1.2,1.8,0.6,1.8,1.2,8,0.408667448,,,,,,,,,,,,,,,,,,,,,,
22,M_K_DO,3,2.2,0.633333333,3.4,2.1,1.133333333,7.6,3.666666667,2.533333333,20,21.33333333,51.33333333,8,5,7,1.8,0,0,0,1.8,0,0,0.041986582,,,,,,,,,,,,,,,,,,,,,,
23,M_K_DO,3,0,1.9,3.4,2.1,1.7,0,3.666666667,0,0,0,51.33333333,8,0,2.333333333,0,1.8,0,1.8,1.2,1.8,0,0.248778027,,,,,,,,,,,,,,,,,,,,,,
24,M_K_DO,3,2.2,1.266666667,2.266666667,0.7,0,7.6,3.666666667,3.8,0,0,77,8,3.333333333,0,0,0,1.8,0,1.2,0.6,8,0.170217144,,,,,,,,,,,,,,,,,,,,,,
25,M_K_DO,3,2.2,0,1.133333333,0.7,0,7.6,5.5,1.266666667,20,32,77,0,3.333333333,7,0,1.8,1.2,1.2,0,1.8,8,0.243016397,,,,,,,,,,,,,,,,,,,,,,
26,M_K_DO,3,0,1.9,0,2.1,1.7,7.6,1.833333333,3.8,0,32,51.33333333,5.333333333,5,7,1.8,0,0.6,0,0,0,8,0.134570892,,,,,,,,,,,,,,,,,,,,,,
27,M_K_DO,0,2.2,0,3.4,0,1.133333333,5.066666667,5.5,0,13.33333333,32,77,8,0,7,0,0,1.8,1.8,0.6,1.2,5.333333333,0.239652946,,,,,,,,,,,,,,,,,,,,,,
28,M_K_DO,3,2.2,1.9,0,2.1,1.7,0,3.666666667,2.533333333,20,32,77,2.666666667,3.333333333,4.666666667,0,1.8,0,0.6,1.8,0.6,0,0.294746018,,,,,,,,,,,,,,,,,,,,,,
29,M_K_DO,3,2.2,0.633333333,0,1.4,1.7,7.6,1.833333333,3.8,20,0,0,8,0,0,1.8,0.6,1.8,0,1.8,1.8,2.666666667,0.06764007,,,,,,,,,,,,,,,,,,,,,,
30,M_K_DO,2,0.733333333,0.633333333,3.4,0.7,1.133333333,0,0,2.533333333,13.33333333,21.33333333,25.66666667,2.666666667,3.333333333,2.333333333,0.6,0,1.8,0.6,1.2,1.8,2.666666667,0.249860609,,,,,,,,,,,,,,,,,,,,,,
31,M_K_DO,1,0.733333333,0,1.133333333,1.4,0.566666667,5.066666667,5.5,1.266666667,20,0,77,5.333333333,5,7,0,1.8,1.2,1.2,0.6,0,0,0.259348027,,,,,,,,,,,,,,,,,,,,,,
32,M_K_DO,1,0,1.266666667,3.4,1.4,0.566666667,7.6,0,2.533333333,0,32,0,0,5,7,0,1.2,1.8,1.8,0.6,0.6,0,0.395646108,,,,,,,,,,,,,,,,,,,,,,
33,M_K_DO,0,2.2,0,1.133333333,2.1,1.133333333,7.6,0,3.8,6.666666667,0,77,2.666666667,1.666666667,0,1.8,0,0.6,0,1.8,0,0,0.24690508,,,,,,,,,,,,,,,,,,,,,,
34,M_K_DO,3,2.2,1.9,3.4,2.1,1.7,5.066666667,0,3.8,20,21.33333333,0,2.666666667,5,0,0.6,0,0,1.2,1.2,0,0,0.124221817,,,,,,,,,,,,,,,,,,,,,,
35,M_K_DO,2,2.2,1.266666667,3.4,2.1,1.7,0,0,3.8,13.33333333,0,77,5.333333333,0,7,1.8,1.2,0,0,0,1.8,0,0.180330766,,,,,,,,,,,,,,,,,,,,,,
36,M_K_DO,0,0,1.9,0,2.1,0,0,5.5,2.533333333,13.33333333,21.33333333,77,5.333333333,3.333333333,4.666666667,0.6,0.6,0,0,0,1.8,0,0.385661554,,,,,,,,,,,,,,,,,,,,,,
37,M_K_DO,1.5,1.1,0.95,1.7,1.05,0.85,3.8,2.75,1.9,10,16,38.5,4,2.5,3.5,0.9,0.9,0.9,0.9,0.9,0.9,4,0.204830738,,,,,,,,,,,,,,,,,,,,,,
38,M_K_DO,2,0.733333333,0,0,0.7,1.7,7.6,0,3.8,0,21.33333333,25.66666667,0,5,0,0,1.8,0.6,1.8,1.8,0,0,0.363094953,,,,,,,,,,,,,,,,,,,,,,
39,M_K_DO,0,2.2,0.633333333,0,0,0,0,5.5,0,20,0,77,2.666666667,3.333333333,7,1.8,1.8,0.6,0.6,0.6,0,0,0.349324168,,,,,,,,,,,,,,,,,,,,,,
40,M_K_DO,0,2.2,1.266666667,3.4,0,0,2.533333333,3.666666667,3.8,20,10.66666667,0,0,5,4.666666667,0,0,0,0,1.8,0,0,0.541373504,,,,,,,,,,,,,,,,,,,,,,
41,M_K_DO,0,2.2,1.9,2.266666667,2.1,0.566666667,0,1.833333333,2.533333333,0,0,0,8,1.666666667,2.333333333,1.8,1.8,1.2,1.8,0.6,0,8,0.298702272,,,,,,,,,,,,,,,,,,,,,,
42,M_K_DO,0,1.466666667,0,2.266666667,1.4,1.7,7.6,5.5,1.266666667,20,32,25.66666667,0,1.666666667,2.333333333,0.6,1.2,1.8,1.8,1.2,1.2,2.666666667,0.394362947,,,,,,,,,,,,,,,,,,,,,,
43,M_K_DO,2,1.466666667,0.633333333,3.4,2.1,0,7.6,5.5,0,6.666666667,10.66666667,77,8,5,2.333333333,1.8,1.2,1.8,1.8,0,0,0,0.06140578,,,,,,,,,,,,,,,,,,,,,,
44,M_K_DO,3,2.2,0.633333333,0,0,0,7.6,0,3.8,0,0,77,0,0,4.666666667,1.2,0,0,1.2,0,1.2,2.666666667,0.232625497,,,,,,,,,,,,,,,,,,,,,,
45,M_K_DO,0,0.733333333,0.633333333,0,1.4,0,0,0,3.8,20,32,0,0,5,2.333333333,1.8,0,0.6,1.8,1.8,0.6,8,0.402708177,,,,,,,,,,,,,,,,,,,,,,
46,M_K_DO,0,0,1.266666667,1.133333333,0.7,1.7,0,5.5,3.8,20,0,51.33333333,5.333333333,0,2.333333333,1.8,1.2,0,1.8,0.6,1.2,0,0.305783954,,,,,,,,,,,,,,,,,,,,,,
47,M_K_DO,2,2.2,1.9,2.266666667,2.1,1.7,2.533333333,5.5,0,6.666666667,32,51.33333333,8,0,0,1.8,0,1.2,1.8,0,0.6,0,0.119759663,,,,,,,,,,,,,,,,,,,,,,
48,M_K_DO,1,2.2,0.633333333,3.4,2.1,1.7,5.066666667,3.666666667,3.8,0,0,0,5.333333333,0,0,0,0.6,0.6,1.2,0,0.6,5.333333333,0.254069643,,,,,,,,,,,,,,,,,,,,,,
49,M_K_DO,0,0,0.633333333,2.266666667,0,0,0,5.5,0,0,10.66666667,25.66666667,8,5,0,1.8,0,1.2,0,1.2,1.2,8,0.29716913,,,,,,,,,,,,,,,,,,,,,,
50,M_K_DO,3,0,1.9,0,2.1,1.133333333,7.6,0,3.8,20,10.66666667,0,2.666666667,3.333333333,2.333333333,0,0.6,0.6,1.8,1.8,0,8,0.19146461,,,,,,,,,,,,,,,,,,,,,,
51,M_K_DO,0,0,1.9,3.4,0,0.566666667,0,1.833333333,2.533333333,13.33333333,10.66666667,77,5.333333333,1.666666667,0,0.6,0.6,1.2,0,1.8,1.8,5.333333333,0.329226991,,,,,,,,,,,,,,,,,,,,,,
52,M_K_DO,3,0.733333333,1.9,1.133333333,0,0,5.066666667,1.833333333,0,20,10.66666667,51.33333333,8,1.666666667,0,0,0,1.8,0,1.8,1.8,0,0.152988959,,,,,,,,,,,,,,,,,,,,,,
53,M_K_DO,2,0,1.266666667,0,1.4,0.566666667,2.533333333,3.666666667,0,20,21.33333333,0,5.333333333,5,2.333333333,1.8,1.8,0.6,0,0.6,1.2,8,0.189293512,,,,,,,,,,,,,,,,,,,,,,
54,M_K_DO,0,0,1.9,0,2.1,1.133333333,2.533333333,1.833333333,0,6.666666667,21.33333333,77,5.333333333,0,0,0.6,1.8,0,1.2,1.2,0,0,0.337085382,,,,,,,,,,,,,,,,,,,,,,
55,M_K_DO,1,2.2,1.266666667,1.133333333,2.1,1.133333333,0,0,0,6.666666667,32,25.66666667,0,5,0,0,0.6,1.2,1.8,0.6,0.6,8,0.525189254,,,,,,,,,,,,,,,,,,,,,,
56,M_K_DO,1,0,0,0,0,1.7,0,5.5,3.8,6.666666667,21.33333333,77,0,0,0,1.8,0,1.8,1.2,0.6,1.8,8,0.336345417,,,,,,,,,,,,,,,,,,,,,,
57,M_K_DO,3,1.466666667,1.9,0,0,1.133333333,2.533333333,5.5,3.8,0,32,0,2.666666667,5,7,1.8,1.8,1.8,0,0,0,2.666666667,0.197344489,,,,,,,,,,,,,,,,,,,,,,
58,M_K_DO,2,0,0.633333333,1.133333333,0,0,2.533333333,1.833333333,1.266666667,6.666666667,32,77,8,5,7,0,0,0,1.8,1.8,0.6,5.333333333,0.209738489,,,,,,,,,,,,,,,,,,,,,,
59,M_K_DO,0,0.733333333,0,1.133333333,0,1.7,2.533333333,1.833333333,3.8,13.33333333,32,77,0,1.666666667,7,1.8,0.6,1.2,0,1.8,0,8,0.371892153,,,,,,,,,,,,,,,,,,,,,,
60,M_K_DO,0,2.2,0,3.4,0,1.133333333,7.6,3.666666667,1.266666667,20,0,25.66666667,8,5,7,1.8,0.6,1.8,0.6,0,1.8,5.333333333,0.129050854,,,,,,,,,,,,,,,,,,,,,,
61,M_K_DO,1,0,1.266666667,0,2.1,0,2.533333333,0,0,6.666666667,32,77,8,3.333333333,7,1.2,1.8,1.2,0,0,0,5.333333333,0.236858967,,,,,,,,,,,,,,,,,,,,,,
62,M_K_DO,0,0.733333333,0,2.266666667,0,0.566666667,7.6,0,1.266666667,6.666666667,32,25.66666667,5.333333333,0,0,1.2,0,1.8,1.8,0,1.2,0,0.22324313,,,,,,,,,,,,,,,,,,,,,,
63,M_K_DO,3,2.2,0,3.4,1.4,0,2.533333333,5.5,0,0,0,0,8,5,0,1.2,1.8,1.8,1.8,1.8,1.8,5.333333333,0.138268536,,,,,,,,,,,,,,,,,,,,,,
64,M_K_DO,3,1.466666667,1.266666667,1.133333333,0,1.7,7.6,0,2.533333333,13.33333333,10.66666667,77,8,5,7,0.6,0.6,1.8,0.6,1.2,1.8,8,0.125217661,,,,,,,,,,,,,,,,,,,,,,
65,M_K_DO,1,1.466666667,1.9,3.4,2.1,0,0,0,3.8,20,10.66666667,77,5.333333333,1.666666667,7,0.6,1.8,1.8,0.6,1.8,0.6,5.333333333,0.269100611,,,,,,,,,,,,,,,,,,,,,,
66,M_K_DO,1,1.466666667,0,2.266666667,0.7,0,0,0,0,13.33333333,0,0,8,5,4.666666667,1.2,1.8,0,0,1.2,1.2,2.666666667,0.25444185,,,,,,,,,,,,,,,,,,,,,,
67,M_K_DO,3,0.733333333,1.9,3.4,0.7,0,7.6,3.666666667,0,20,32,51.33333333,2.666666667,0,4.666666667,1.2,1.2,0.6,1.2,1.2,1.8,2.666666667,0.112229153,,,,,,,,,,,,,,,,,,,,,,
68,M_K_DO,3,0,0,3.4,1.4,0,7.6,3.666666667,0,0,10.66666667,0,0,1.666666667,7,0.6,0.6,0,0.6,1.8,0.6,8,0.216099213,,,,,,,,,,,,,,,,,,,,,,
69,M_K_DO,0,0,1.9,3.4,0,1.7,5.066666667,5.5,0,6.666666667,0,51.33333333,0,0,2.333333333,1.8,1.8,1.8,0,1.8,0,5.333333333,0.273517089,,,,,,,,,,,,,,,,,,,,,,
70,M_K_DO,1,0,0,0,0,0,7.6,5.5,0,0,32,25.66666667,2.666666667,0,0,1.8,1.2,1.2,1.2,0.6,1.8,5.333333333,0.233638238,,,,,,,,,,,,,,,,,,,,,,
71,M_K_DO,2,0.733333333,0,0,0,0,7.6,0,1.266666667,0,10.66666667,0,0,0,4.666666667,0,0.6,1.8,0,0,1.8,2.666666667,0.363801326,,,,,,,,,,,,,,,,,,,,,,
72,M_K_DO,0,0,0,2.266666667,1.4,1.133333333,0,1.833333333,3.8,0,21.33333333,77,2.666666667,5,7,0,1.8,0,1.8,0,0,8,0.514357247,,,,,,,,,,,,,,,,,,,,,,
73,M_K_DO,1.5,1.1,0.95,1.7,1.05,0.85,3.8,2.75,1.9,10,16,38.5,4,2.5,3.5,0.9,0.9,0.9,0.9,0.9,0.9,4,0.204830738,,,,,,,,,,,,,,,,,,,,,,
1,M_K_UP,1.5,1.1,0.95,1.7,1.05,0.85,3.8,2.75,1.9,10,16,38.5,4,2.5,3.5,0.9,0.9,0.9,0.9,0.9,0.9,4,0.196668319,,,,,,,,,,,,,,,,,,,,,,
2,M_K_UP,3,0.733333333,0,0,0.7,0,2.533333333,0,2.533333333,20,32,77,8,1.666666667,0,0,0,0,0,0.6,0.6,2.666666667,0.136893989,,,,,,,,,,,,,,,,,,,,,,
3,M_K_UP,3,0,1.266666667,3.4,0.7,1.7,0,0,1.266666667,13.33333333,0,25.66666667,0,0,0,1.2,0.6,1.8,1.8,1.8,1.2,8,0.227150037,,,,,,,,,,,,,,,,,,,,,,
4,M_K_UP,3,0,0,2.266666667,0.7,0.566666667,7.6,0,3.8,0,32,0,0,1.666666667,4.666666667,1.2,1.8,1.8,1.8,1.2,1.8,5.333333333,0.186402894,,,,,,,,,,,,,,,,,,,,,,
5,M_K_UP,0,1.466666667,1.266666667,3.4,2.1,0,5.066666667,5.5,3.8,20,32,0,0,3.333333333,7,1.8,1.8,0,1.2,0,1.8,0,0.346111857,,,,,,,,,,,,,,,,,,,,,,
6,M_K_UP,1,2.2,1.266666667,3.4,1.4,0.566666667,0,0,0,0,32,51.33333333,8,1.666666667,4.666666667,0,0,0.6,1.2,1.8,1.8,8,0.221374115,,,,,,,,,,,,,,,,,,,,,,
7,M_K_UP,0,1.466666667,1.9,1.133333333,0,1.133333333,7.6,3.666666667,0,0,0,77,8,3.333333333,0,1.8,0,0,0.6,0.6,1.8,8,0.274311432,,,,,,,,,,,,,,,,,,,,,,
8,M_K_UP,2,1.466666667,0,0,1.4,1.7,0,5.5,0,0,10.66666667,0,0,5,7,1.2,0,1.8,1.2,0,1.2,0,0.366855336,,,,,,,,,,,,,,,,,,,,,,
9,M_K_UP,1,2.2,0.633333333,0,1.4,0,0,5.5,2.533333333,13.33333333,0,25.66666667,2.666666667,0,7,0,1.8,0,1.8,0,0,5.333333333,0.351864986,,,,,,,,,,,,,,,,,,,,,,
10,M_K_UP,2,2.2,0,0,0.7,1.7,5.066666667,1.833333333,1.266666667,6.666666667,0,51.33333333,0,1.666666667,2.333333333,1.2,0,1.8,0,0,1.8,0,0.258545262,,,,,,,,,,,,,,,,,,,,,,
11,M_K_UP,3,1.466666667,0.633333333,0,2.1,0.566666667,7.6,1.833333333,1.266666667,20,0,0,0,5,7,0,1.8,0,1.8,1.8,1.2,8,0.198401896,,,,,,,,,,,,,,,,,,,,,,
12,M_K_UP,1,0,0,2.266666667,2.1,1.7,5.066666667,3.666666667,1.266666667,13.33333333,0,51.33333333,8,3.333333333,7,0.6,1.8,1.8,1.8,1.8,1.8,2.666666667,0.154689324,,,,,,,,,,,,,,,,,,,,,,
13,M_K_UP,0,2.2,1.9,3.4,0,0,5.066666667,5.5,3.8,6.666666667,21.33333333,25.66666667,8,0,0,0,1.2,0,0.6,1.8,0.6,8,0.185190513,,,,,,,,,,,,,,,,,,,,,,
14,M_K_UP,3,1.466666667,1.9,3.4,2.1,1.7,5.066666667,5.5,1.266666667,13.33333333,0,25.66666667,0,3.333333333,0,0,1.2,0.6,0,0,0,0,0.151450148,,,,,,,,,,,,,,,,,,,,,,
15,M_K_UP,0,0,1.9,3.4,2.1,1.7,7.6,1.833333333,0,20,32,0,5.333333333,0,4.666666667,0,1.2,1.2,1.8,0,0,8,0.213002473,,,,,,,,,,,,,,,,,,,,,,
16,M_K_UP,3,0,1.9,0,0.7,0.566666667,0,5.5,2.533333333,0,21.33333333,0,8,0,7,1.8,0,0.6,1.8,1.2,1.8,2.666666667,0.195148779,,,,,,,,,,,,,,,,,,,,,,
17,M_K_UP,3,0.733333333,1.9,2.266666667,0,1.7,2.533333333,5.5,0,0,32,0,0,5,2.333333333,1.8,1.8,1.2,0.6,1.8,1.8,8,0.230817099,,,,,,,,,,,,,,,,,,,,,,
18,M_K_UP,2,0,0,1.133333333,2.1,0.566666667,5.066666667,0,3.8,0,32,51.33333333,8,0,0,1.2,0,0,0.6,0,0,2.666666667,0.166060756,,,,,,,,,,,,,,,,,,,,,,
19,M_K_UP,0,1.466666667,1.9,2.266666667,0,0.566666667,2.533333333,0,3.8,20,21.33333333,77,0,0,4.666666667,0.6,1.2,0,0,0,0,8,0.457741467,,,,,,,,,,,,,,,,,,,,,,
20,M_K_UP,0,0.733333333,1.9,1.133333333,0,1.7,0,5.5,0,20,10.66666667,0,2.666666667,0,0,1.2,1.8,0,0,0,0,0,0.43276403,,,,,,,,,,,,,,,,,,,,,,
21,M_K_UP,2,2.2,0,0,0,1.133333333,0,0,2.533333333,0,0,0,0,5,4.666666667,0.6,1.2,1.8,0.6,1.8,1.2,8,0.360752634,,,,,,,,,,,,,,,,,,,,,,
22,M_K_UP,3,2.2,0.633333333,3.4,2.1,1.133333333,7.6,3.666666667,2.533333333,20,21.33333333,51.33333333,8,5,7,1.8,0,0,0,1.8,0,0,0.062276596,,,,,,,,,,,,,,,,,,,,,,
23,M_K_UP,3,0,1.9,3.4,2.1,1.7,0,3.666666667,0,0,0,51.33333333,8,0,2.333333333,0,1.8,0,1.8,1.2,1.8,0,0.134812469,,,,,,,,,,,,,,,,,,,,,,
24,M_K_UP,3,2.2,1.266666667,2.266666667,0.7,0,7.6,3.666666667,3.8,0,0,77,8,3.333333333,0,0,0,1.8,0,1.2,0.6,8,0.097766436,,,,,,,,,,,,,,,,,,,,,,
25,M_K_UP,3,2.2,0,1.133333333,0.7,0,7.6,5.5,1.266666667,20,32,77,0,3.333333333,7,0,1.8,1.2,1.2,0,1.8,8,0.195797464,,,,,,,,,,,,,,,,,,,,,,
26,M_K_UP,3,0,1.9,0,2.1,1.7,7.6,1.833333333,3.8,0,32,51.33333333,5.333333333,5,7,1.8,0,0.6,0,0,0,8,0.15224314,,,,,,,,,,,,,,,,,,,,,,
27,M_K_UP,0,2.2,0,3.4,0,1.133333333,5.066666667,5.5,0,13.33333333,32,77,8,0,7,0,0,1.8,1.8,0.6,1.2,5.333333333,0.179348553,,,,,,,,,,,,,,,,,,,,,,
28,M_K_UP,3,2.2,1.9,0,2.1,1.7,0,3.666666667,2.533333333,20,32,77,2.666666667,3.333333333,4.666666667,0,1.8,0,0.6,1.8,0.6,0,0.228764873,,,,,,,,,,,,,,,,,,,,,,
29,M_K_UP,3,2.2,0.633333333,0,1.4,1.7,7.6,1.833333333,3.8,20,0,0,8,0,0,1.8,0.6,1.8,0,1.8,1.8,2.666666667,0.113057731,,,,,,,,,,,,,,,,,,,,,,
30,M_K_UP,2,0.733333333,0.633333333,3.4,0.7,1.133333333,0,0,2.533333333,13.33333333,21.33333333,25.66666667,2.666666667,3.333333333,2.333333333,0.6,0,1.8,0.6,1.2,1.8,2.666666667,0.227808444,,,,,,,,,,,,,,,,,,,,,,
31,M_K_UP,1,0.733333333,0,1.133333333,1.4,0.566666667,5.066666667,5.5,1.266666667,20,0,77,5.333333333,5,7,0,1.8,1.2,1.2,0.6,0,0,0.2170484,,,,,,,,,,,,,,,,,,,,,,
32,M_K_UP,1,0,1.266666667,3.4,1.4,0.566666667,7.6,0,2.533333333,0,32,0,0,5,7,0,1.2,1.8,1.8,0.6,0.6,0,0.268639455,,,,,,,,,,,,,,,,,,,,,,
33,M_K_UP,0,2.2,0,1.133333333,2.1,1.133333333,7.6,0,3.8,6.666666667,0,77,2.666666667,1.666666667,0,1.8,0,0.6,0,1.8,0,0,0.337949005,,,,,,,,,,,,,,,,,,,,,,
34,M_K_UP,3,2.2,1.9,3.4,2.1,1.7,5.066666667,0,3.8,20,21.33333333,0,2.666666667,5,0,0.6,0,0,1.2,1.2,0,0,0.115527709,,,,,,,,,,,,,,,,,,,,,,
35,M_K_UP,2,2.2,1.266666667,3.4,2.1,1.7,0,0,3.8,13.33333333,0,77,5.333333333,0,7,1.8,1.2,0,0,0,1.8,0,0.19556992,,,,,,,,,,,,,,,,,,,,,,
36,M_K_UP,0,0,1.9,0,2.1,0,0,5.5,2.533333333,13.33333333,21.33333333,77,5.333333333,3.333333333,4.666666667,0.6,0.6,0,0,0,1.8,0,0.356122769,,,,,,,,,,,,,,,,,,,,,,
37,M_K_UP,1.5,1.1,0.95,1.7,1.05,0.85,3.8,2.75,1.9,10,16,38.5,4,2.5,3.5,0.9,0.9,0.9,0.9,0.9,0.9,4,0.196668319,,,,,,,,,,,,,,,,,,,,,,
38,M_K_UP,2,0.733333333,0,0,0.7,1.7,7.6,0,3.8,0,21.33333333,25.66666667,0,5,0,0,1.8,0.6,1.8,1.8,0,0,0.278776294,,,,,,,,,,,,,,,,,,,,,,
39,M_K_UP,0,2.2,0.633333333,0,0,0,0,5.5,0,20,0,77,2.666666667,3.333333333,7,1.8,1.8,0.6,0.6,0.6,0,0,0.444763035,,,,,,,,,,,,,,,,,,,,,,
40,M_K_UP,0,2.2,1.266666667,3.4,0,0,2.533333333,3.666666667,3.8,20,10.66666667,0,0,5,4.666666667,0,0,0,0,1.8,0,0,0.406334548,,,,,,,,,,,,,,,,,,,,,,
41,M_K_UP,0,2.2,1.9,2.266666667,2.1,0.566666667,0,1.833333333,2.533333333,0,0,0,8,1.666666667,2.333333333,1.8,1.8,1.2,1.8,0.6,0,8,0.320597673,,,,,,,,,,,,,,,,,,,,,,
42,M_K_UP,0,1.466666667,0,2.266666667,1.4,1.7,7.6,5.5,1.266666667,20,32,25.66666667,0,1.666666667,2.333333333,0.6,1.2,1.8,1.8,1.2,1.2,2.666666667,0.3925826,,,,,,,,,,,,,,,,,,,,,,
43,M_K_UP,2,1.466666667,0.633333333,3.4,2.1,0,7.6,5.5,0,6.666666667,10.66666667,77,8,5,2.333333333,1.8,1.2,1.8,1.8,0,0,0,0.084086492,,,,,,,,,,,,,,,,,,,,,,
44,M_K_UP,3,2.2,0.633333333,0,0,0,7.6,0,3.8,0,0,77,0,0,4.666666667,1.2,0,0,1.2,0,1.2,2.666666667,0.233859782,,,,,,,,,,,,,,,,,,,,,,
45,M_K_UP,0,0.733333333,0.633333333,0,1.4,0,0,0,3.8,20,32,0,0,5,2.333333333,1.8,0,0.6,1.8,1.8,0.6,8,0.577606295,,,,,,,,,,,,,,,,,,,,,,
46,M_K_UP,0,0,1.266666667,1.133333333,0.7,1.7,0,5.5,3.8,20,0,51.33333333,5.333333333,0,2.333333333,1.8,1.2,0,1.8,0.6,1.2,0,0.36512948,,,,,,,,,,,,,,,,,,,,,,
47,M_K_UP,2,2.2,1.9,2.266666667,2.1,1.7,2.533333333,5.5,0,6.666666667,32,51.33333333,8,0,0,1.8,0,1.2,1.8,0,0.6,0,0.140646833,,,,,,,,,,,,,,,,,,,,,,
48,M_K_UP,1,2.2,0.633333333,3.4,2.1,1.7,5.066666667,3.666666667,3.8,0,0,0,5.333333333,0,0,0,0.6,0.6,1.2,0,0.6,5.333333333,0.168531168,,,,,,,,,,,,,,,,,,,,,,
49,M_K_UP,0,0,0.633333333,2.266666667,0,0,0,5.5,0,0,10.66666667,25.66666667,8,5,0,1.8,0,1.2,0,1.2,1.2,8,0.298615571,,,,,,,,,,,,,,,,,,,,,,
50,M_K_UP,3,0,1.9,0,2.1,1.133333333,7.6,0,3.8,20,10.66666667,0,2.666666667,3.333333333,2.333333333,0,0.6,0.6,1.8,1.8,0,8,0.149782346,,,,,,,,,,,,,,,,,,,,,,
51,M_K_UP,0,0,1.9,3.4,0,0.566666667,0,1.833333333,2.533333333,13.33333333,10.66666667,77,5.333333333,1.666666667,0,0.6,0.6,1.2,0,1.8,1.8,5.333333333,0.310098254,,,,,,,,,,,,,,,,,,,,,,
52,M_K_UP,3,0.733333333,1.9,1.133333333,0,0,5.066666667,1.833333333,0,20,10.66666667,51.33333333,8,1.666666667,0,0,0,1.8,0,1.8,1.8,0,0.10575533,,,,,,,,,,,,,,,,,,,,,,
53,M_K_UP,2,0,1.266666667,0,1.4,0.566666667,2.533333333,3.666666667,0,20,21.33333333,0,5.333333333,5,2.333333333,1.8,1.8,0.6,0,0.6,1.2,8,0.203820789,,,,,,,,,,,,,,,,,,,,,,
54,M_K_UP,0,0,1.9,0,2.1,1.133333333,2.533333333,1.833333333,0,6.666666667,21.33333333,77,5.333333333,0,0,0.6,1.8,0,1.2,1.2,0,0,0.337690836,,,,,,,,,,,,,,,,,,,,,,
55,M_K_UP,1,2.2,1.266666667,1.133333333,2.1,1.133333333,0,0,0,6.666666667,32,25.66666667,0,5,0,0,0.6,1.2,1.8,0.6,0.6,8,0.423023633,,,,,,,,,,,,,,,,,,,,,,
56,M_K_UP,1,0,0,0,0,1.7,0,5.5,3.8,6.666666667,21.33333333,77,0,0,0,1.8,0,1.8,1.2,0.6,1.8,8,0.447990236,,,,,,,,,,,,,,,,,,,,,,
57,M_K_UP,3,1.466666667,1.9,0,0,1.133333333,2.533333333,5.5,3.8,0,32,0,2.666666667,5,7,1.8,1.8,1.8,0,0,0,2.666666667,0.230424916,,,,,,,,,,,,,,,,,,,,,,
58,M_K_UP,2,0,0.633333333,1.133333333,0,0,2.533333333,1.833333333,1.266666667,6.666666667,32,77,8,5,7,0,0,0,1.8,1.8,0.6,5.333333333,0.159339975,,,,,,,,,,,,,,,,,,,,,,
59,M_K_UP,0,0.733333333,0,1.133333333,0,1.7,2.533333333,1.833333333,3.8,13.33333333,32,77,0,1.666666667,7,1.8,0.6,1.2,0,1.8,0,8,0.512439856,,,,,,,,,,,,,,,,,,,,,,
60,M_K_UP,0,2.2,0,3.4,0,1.133333333,7.6,3.666666667,1.266666667,20,0,25.66666667,8,5,7,1.8,0.6,1.8,0.6,0,1.8,5.333333333,0.184028797,,,,,,,,,,,,,,,,,,,,,,
61,M_K_UP,1,0,1.266666667,0,2.1,0,2.533333333,0,0,6.666666667,32,77,8,3.333333333,7,1.2,1.8,1.2,0,0,0,5.333333333,0.214757501,,,,,,,,,,,,,,,,,,,,,,
62,M_K_UP,0,0.733333333,0,2.266666667,0,0.566666667,7.6,0,1.266666667,6.666666667,32,25.66666667,5.333333333,0,0,1.2,0,1.8,1.8,0,1.2,0,0.24004189,,,,,,,,,,,,,,,,,,,,,,
63,M_K_UP,3,2.2,0,3.4,1.4,0,2.533333333,5.5,0,0,0,0,8,5,0,1.2,1.8,1.8,1.8,1.8,1.8,5.333333333,0.116151547,,,,,,,,,,,,,,,,,,,,,,
64,M_K_UP,3,1.466666667,1.266666667,1.133333333,0,1.7,7.6,0,2.533333333,13.33333333,10.66666667,77,8,5,7,0.6,0.6,1.8,0.6,1.2,1.8,8,0.104794703,,,,,,,,,,,,,,,,,,,,,,
65,M_K_UP,1,1.466666667,1.9,3.4,2.1,0,0,0,3.8,20,10.66666667,77,5.333333333,1.666666667,7,0.6,1.8,1.8,0.6,1.8,0.6,5.333333333,0.247144139,,,,,,,,,,,,,,,,,,,,,,
66,M_K_UP,1,1.466666667,0,2.266666667,0.7,0,0,0,0,13.33333333,0,0,8,5,4.666666667,1.2,1.8,0,0,1.2,1.2,2.666666667,0.244906605,,,,,,,,,,,,,,,,,,,,,,
67,M_K_UP,3,0.733333333,1.9,3.4,0.7,0,7.6,3.666666667,0,20,32,51.33333333,2.666666667,0,4.666666667,1.2,1.2,0.6,1.2,1.2,1.8,2.666666667,0.107949276,,,,,,,,,,,,,,,,,,,,,,
68,M_K_UP,3,0,0,3.4,1.4,0,7.6,3.666666667,0,0,10.66666667,0,0,1.666666667,7,0.6,0.6,0,0.6,1.8,0.6,8,0.164178591,,,,,,,,,,,,,,,,,,,,,,
69,M_K_UP,0,0,1.9,3.4,0,1.7,5.066666667,5.5,0,6.666666667,0,51.33333333,0,0,2.333333333,1.8,1.8,1.8,0,1.8,0,5.333333333,0.351927709,,,,,,,,,,,,,,,,,,,,,,
70,M_K_UP,1,0,0,0,0,0,7.6,5.5,0,0,32,25.66666667,2.666666667,0,0,1.8,1.2,1.2,1.2,0.6,1.8,5.333333333,0.292718998,,,,,,,,,,,,,,,,,,,,,,
71,M_K_UP,2,0.733333333,0,0,0,0,7.6,0,1.266666667,0,10.66666667,0,0,0,4.666666667,0,0.6,1.8,0,0,1.8,2.666666667,0.268813536,,,,,,,,,,,,,,,,,,,,,,
72,M_K_UP,0,0,0,2.266666667,1.4,1.133333333,0,1.833333333,3.8,0,21.33333333,77,2.666666667,5,7,0,1.8,0,1.8,0,0,8,0.396601234,,,,,,,,,,,,,,,,,,,,,,
73,M_K_UP,1.5,1.1,0.95,1.7,1.05,0.85,3.8,2.75,1.9,10,16,38.5,4,2.5,3.5,0.9,0.9,0.9,0.9,0.9,0.9,4,0.196668319,,,,,,,,,,,,,,,,,,,,,,
1,M_DRO,1.5,1.1,0.95,1.7,1.05,0.85,3.8,2.75,1.9,10,16,38.5,4,2.5,3.5,0.9,0.9,0.9,0.9,0.9,0.9,4,0.194899281,,,,,,,,,,,,,,,,,,,,,,
2,M_DRO,3,0.733333333,0,0,0.7,0,2.533333333,0,2.533333333,20,32,77,8,1.666666667,0,0,0,0,0,0.6,0.6,2.666666667,0.144559698,,,,,,,,,,,,,,,,,,,,,,
3,M_DRO,3,0,1.266666667,3.4,0.7,1.7,0,0,1.266666667,13.33333333,0,25.66666667,0,0,0,1.2,0.6,1.8,1.8,1.8,1.2,8,0.222787253,,,,,,,,,,,,,,,,,,,,,,
4,M_DRO,3,0,0,2.266666667,0.7,0.566666667,7.6,0,3.8,0,32,0,0,1.666666667,4.666666667,1.2,1.8,1.8,1.8,1.2,1.8,5.333333333,0.204490532,,,,,,,,,,,,,,,,,,,,,,
5,M_DRO,0,1.466666667,1.266666667,3.4,2.1,0,5.066666667,5.5,3.8,20,32,0,0,3.333333333,7,1.8,1.8,0,1.2,0,1.8,0,0.345145429,,,,,,,,,,,,,,,,,,,,,,
6,M_DRO,1,2.2,1.266666667,3.4,1.4,0.566666667,0,0,0,0,32,51.33333333,8,1.666666667,4.666666667,0,0,0.6,1.2,1.8,1.8,8,0.242289181,,,,,,,,,,,,,,,,,,,,,,
7,M_DRO,0,1.466666667,1.9,1.133333333,0,1.133333333,7.6,3.666666667,0,0,0,77,8,3.333333333,0,1.8,0,0,0.6,0.6,1.8,8,0.25631746,,,,,,,,,,,,,,,,,,,,,,
8,M_DRO,2,1.466666667,0,0,1.4,1.7,0,5.5,0,0,10.66666667,0,0,5,7,1.2,0,1.8,1.2,0,1.2,0,0.367220897,,,,,,,,,,,,,,,,,,,,,,
9,M_DRO,1,2.2,0.633333333,0,1.4,0,0,5.5,2.533333333,13.33333333,0,25.66666667,2.666666667,0,7,0,1.8,0,1.8,0,0,5.333333333,0.351602804,,,,,,,,,,,,,,,,,,,,,,
10,M_DRO,2,2.2,0,0,0.7,1.7,5.066666667,1.833333333,1.266666667,6.666666667,0,51.33333333,0,1.666666667,2.333333333,1.2,0,1.8,0,0,1.8,0,0.259182725,,,,,,,,,,,,,,,,,,,,,,
11,M_DRO,3,1.466666667,0.633333333,0,2.1,0.566666667,7.6,1.833333333,1.266666667,20,0,0,0,5,7,0,1.8,0,1.8,1.8,1.2,8,0.201533799,,,,,,,,,,,,,,,,,,,,,,
12,M_DRO,1,0,0,2.266666667,2.1,1.7,5.066666667,3.666666667,1.266666667,13.33333333,0,51.33333333,8,3.333333333,7,0.6,1.8,1.8,1.8,1.8,1.8,2.666666667,0.150192421,,,,,,,,,,,,,,,,,,,,,,
13,M_DRO,0,2.2,1.9,3.4,0,0,5.066666667,5.5,3.8,6.666666667,21.33333333,25.66666667,8,0,0,0,1.2,0,0.6,1.8,0.6,8,0.192407762,,,,,,,,,,,,,,,,,,,,,,
14,M_DRO,3,1.466666667,1.9,3.4,2.1,1.7,5.066666667,5.5,1.266666667,13.33333333,0,25.66666667,0,3.333333333,0,0,1.2,0.6,0,0,0,0,0.160974887,,,,,,,,,,,,,,,,,,,,,,
15,M_DRO,0,0,1.9,3.4,2.1,1.7,7.6,1.833333333,0,20,32,0,5.333333333,0,4.666666667,0,1.2,1.2,1.8,0,0,8,0.21442497,,,,,,,,,,,,,,,,,,,,,,
16,M_DRO,3,0,1.9,0,0.7,0.566666667,0,5.5,2.533333333,0,21.33333333,0,8,0,7,1.8,0,0.6,1.8,1.2,1.8,2.666666667,0.21829863,,,,,,,,,,,,,,,,,,,,,,
17,M_DRO,3,0.733333333,1.9,2.266666667,0,1.7,2.533333333,5.5,0,0,32,0,0,5,2.333333333,1.8,1.8,1.2,0.6,1.8,1.8,8,0.226843133,,,,,,,,,,,,,,,,,,,,,,
18,M_DRO,2,0,0,1.133333333,2.1,0.566666667,5.066666667,0,3.8,0,32,51.33333333,8,0,0,1.2,0,0,0.6,0,0,2.666666667,0.168357115,,,,,,,,,,,,,,,,,,,,,,
19,M_DRO,0,1.466666667,1.9,2.266666667,0,0.566666667,2.533333333,0,3.8,20,21.33333333,77,0,0,4.666666667,0.6,1.2,0,0,0,0,8,0.469977526,,,,,,,,,,,,,,,,,,,,,,
20,M_DRO,0,0.733333333,1.9,1.133333333,0,1.7,0,5.5,0,20,10.66666667,0,2.666666667,0,0,1.2,1.8,0,0,0,0,0,0.416471593,,,,,,,,,,,,,,,,,,,,,,
21,M_DRO,2,2.2,0,0,0,1.133333333,0,0,2.533333333,0,0,0,0,5,4.666666667,0.6,1.2,1.8,0.6,1.8,1.2,8,0.395858101,,,,,,,,,,,,,,,,,,,,,,
22,M_DRO,3,2.2,0.633333333,3.4,2.1,1.133333333,7.6,3.666666667,2.533333333,20,21.33333333,51.33333333,8,5,7,1.8,0,0,0,1.8,0,0,0.067469662,,,,,,,,,,,,,,,,,,,,,,
23,M_DRO,3,0,1.9,3.4,2.1,1.7,0,3.666666667,0,0,0,51.33333333,8,0,2.333333333,0,1.8,0,1.8,1.2,1.8,0,0.187232727,,,,,,,,,,,,,,,,,,,,,,
24,M_DRO,3,2.2,1.266666667,2.266666667,0.7,0,7.6,3.666666667,3.8,0,0,77,8,3.333333333,0,0,0,1.8,0,1.2,0.6,8,0.132469138,,,,,,,,,,,,,,,,,,,,,,
25,M_DRO,3,2.2,0,1.133333333,0.7,0,7.6,5.5,1.266666667,20,32,77,0,3.333333333,7,0,1.8,1.2,1.2,0,1.8,8,0.193891804,,,,,,,,,,,,,,,,,,,,,,
26,M_DRO,3,0,1.9,0,2.1,1.7,7.6,1.833333333,3.8,0,32,51.33333333,5.333333333,5,7,1.8,0,0.6,0,0,0,8,0.161947934,,,,,,,,,,,,,,,,,,,,,,
27,M_DRO,0,2.2,0,3.4,0,1.133333333,5.066666667,5.5,0,13.33333333,32,77,8,0,7,0,0,1.8,1.8,0.6,1.2,5.333333333,0.184897906,,,,,,,,,,,,,,,,,,,,,,
28,M_DRO,3,2.2,1.9,0,2.1,1.7,0,3.666666667,2.533333333,20,32,77,2.666666667,3.333333333,4.666666667,0,1.8,0,0.6,1.8,0.6,0,0.224993957,,,,,,,,,,,,,,,,,,,,,,
29,M_DRO,3,2.2,0.633333333,0,1.4,1.7,7.6,1.833333333,3.8,20,0,0,8,0,0,1.8,0.6,1.8,0,1.8,1.8,2.666666667,0.109822721,,,,,,,,,,,,,,,,,,,,,,
30,M_DRO,2,0.733333333,0.633333333,3.4,0.7,1.133333333,0,0,2.533333333,13.33333333,21.33333333,25.66666667,2.666666667,3.333333333,2.333333333,0.6,0,1.8,0.6,1.2,1.8,2.666666667,0.226893577,,,,,,,,,,,,,,,,,,,,,,
31,M_DRO,1,0.733333333,0,1.133333333,1.4,0.566666667,5.066666667,5.5,1.266666667,20,0,77,5.333333333,5,7,0,1.8,1.2,1.2,0.6,0,0,0.218083164,,,,,,,,,,,,,,,,,,,,,,
32,M_DRO,1,0,1.266666667,3.4,1.4,0.566666667,7.6,0,2.533333333,0,32,0,0,5,7,0,1.2,1.8,1.8,0.6,0.6,0,0.309587064,,,,,,,,,,,,,,,,,,,,,,
33,M_DRO,0,2.2,0,1.133333333,2.1,1.133333333,7.6,0,3.8,6.666666667,0,77,2.666666667,1.666666667,0,1.8,0,0.6,0,1.8,0,0,0.316899392,,,,,,,,,,,,,,,,,,,,,,
34,M_DRO,3,2.2,1.9,3.4,2.1,1.7,5.066666667,0,3.8,20,21.33333333,0,2.666666667,5,0,0.6,0,0,1.2,1.2,0,0,0.119488007,,,,,,,,,,,,,,,,,,,,,,
35,M_DRO,2,2.2,1.266666667,3.4,2.1,1.7,0,0,3.8,13.33333333,0,77,5.333333333,0,7,1.8,1.2,0,0,0,1.8,0,0.177190451,,,,,,,,,,,,,,,,,,,,,,
36,M_DRO,0,0,1.9,0,2.1,0,0,5.5,2.533333333,13.33333333,21.33333333,77,5.333333333,3.333333333,4.666666667,0.6,0.6,0,0,0,1.8,0,0.340866381,,,,,,,,,,,,,,,,,,,,,,
37,M_DRO,1.5,1.1,0.95,1.7,1.05,0.85,3.8,2.75,1.9,10,16,38.5,4,2.5,3.5,0.9,0.9,0.9,0.9,0.9,0.9,4,0.194899281,,,,,,,,,,,,,,,,,,,,,,
38,M_DRO,2,0.733333333,0,0,0.7,1.7,7.6,0,3.8,0,21.33333333,25.66666667,0,5,0,0,1.8,0.6,1.8,1.8,0,0,0.300089486,,,,,,,,,,,,,,,,,,,,,,
39,M_DRO,0,2.2,0.633333333,0,0,0,0,5.5,0,20,0,77,2.666666667,3.333333333,7,1.8,1.8,0.6,0.6,0.6,0,0,0.410340099,,,,,,,,,,,,,,,,,,,,,,
40,M_DRO,0,2.2,1.266666667,3.4,0,0,2.533333333,3.666666667,3.8,20,10.66666667,0,0,5,4.666666667,0,0,0,0,1.8,0,0,0.437913412,,,,,,,,,,,,,,,,,,,,,,
41,M_DRO,0,2.2,1.9,2.266666667,2.1,0.566666667,0,1.833333333,2.533333333,0,0,0,8,1.666666667,2.333333333,1.8,1.8,1.2,1.8,0.6,0,8,0.301167539,,,,,,,,,,,,,,,,,,,,,,
42,M_DRO,0,1.466666667,0,2.266666667,1.4,1.7,7.6,5.5,1.266666667,20,32,25.66666667,0,1.666666667,2.333333333,0.6,1.2,1.8,1.8,1.2,1.2,2.666666667,0.409008032,,,,,,,,,,,,,,,,,,,,,,
43,M_DRO,2,1.466666667,0.633333333,3.4,2.1,0,7.6,5.5,0,6.666666667,10.66666667,77,8,5,2.333333333,1.8,1.2,1.8,1.8,0,0,0,0.087300005,,,,,,,,,,,,,,,,,,,,,,
44,M_DRO,3,2.2,0.633333333,0,0,0,7.6,0,3.8,0,0,77,0,0,4.666666667,1.2,0,0,1.2,0,1.2,2.666666667,0.226207988,,,,,,,,,,,,,,,,,,,,,,
45,M_DRO,0,0.733333333,0.633333333,0,1.4,0,0,0,3.8,20,32,0,0,5,2.333333333,1.8,0,0.6,1.8,1.8,0.6,8,0.531520365,,,,,,,,,,,,,,,,,,,,,,
46,M_DRO,0,0,1.266666667,1.133333333,0.7,1.7,0,5.5,3.8,20,0,51.33333333,5.333333333,0,2.333333333,1.8,1.2,0,1.8,0.6,1.2,0,0.31836432,,,,,,,,,,,,,,,,,,,,,,
47,M_DRO,2,2.2,1.9,2.266666667,2.1,1.7,2.533333333,5.5,0,6.666666667,32,51.33333333,8,0,0,1.8,0,1.2,1.8,0,0.6,0,0.136552208,,,,,,,,,,,,,,,,,,,,,,
48,M_DRO,1,2.2,0.633333333,3.4,2.1,1.7,5.066666667,3.666666667,3.8,0,0,0,5.333333333,0,0,0,0.6,0.6,1.2,0,0.6,5.333333333,0.20956371,,,,,,,,,,,,,,,,,,,,,,
49,M_DRO,0,0,0.633333333,2.266666667,0,0,0,5.5,0,0,10.66666667,25.66666667,8,5,0,1.8,0,1.2,0,1.2,1.2,8,0.305084503,,,,,,,,,,,,,,,,,,,,,,
50,M_DRO,3,0,1.9,0,2.1,1.133333333,7.6,0,3.8,20,10.66666667,0,2.666666667,3.333333333,2.333333333,0,0.6,0.6,1.8,1.8,0,8,0.149954028,,,,,,,,,,,,,,,,,,,,,,
51,M_DRO,0,0,1.9,3.4,0,0.566666667,0,1.833333333,2.533333333,13.33333333,10.66666667,77,5.333333333,1.666666667,0,0.6,0.6,1.2,0,1.8,1.8,5.333333333,0.314110318,,,,,,,,,,,,,,,,,,,,,,
52,M_DRO,3,0.733333333,1.9,1.133333333,0,0,5.066666667,1.833333333,0,20,10.66666667,51.33333333,8,1.666666667,0,0,0,1.8,0,1.8,1.8,0,0.120256345,,,,,,,,,,,,,,,,,,,,,,
53,M_DRO,2,0,1.266666667,0,1.4,0.566666667,2.533333333,3.666666667,0,20,21.33333333,0,5.333333333,5,2.333333333,1.8,1.8,0.6,0,0.6,1.2,8,0.181174204,,,,,,,,,,,,,,,,,,,,,,
54,M_DRO,0,0,1.9,0,2.1,1.133333333,2.533333333,1.833333333,0,6.666666667,21.33333333,77,5.333333333,0,0,0.6,1.8,0,1.2,1.2,0,0,0.308994863,,,,,,,,,,,,,,,,,,,,,,
55,M_DRO,1,2.2,1.266666667,1.133333333,2.1,1.133333333,0,0,0,6.666666667,32,25.66666667,0,5,0,0,0.6,1.2,1.8,0.6,0.6,8,0.407186873,,,,,,,,,,,,,,,,,,,,,,
56,M_DRO,1,0,0,0,0,1.7,0,5.5,3.8,6.666666667,21.33333333,77,0,0,0,1.8,0,1.8,1.2,0.6,1.8,8,0.41200555,,,,,,,,,,,,,,,,,,,,,,
57,M_DRO,3,1.466666667,1.9,0,0,1.133333333,2.533333333,5.5,3.8,0,32,0,2.666666667,5,7,1.8,1.8,1.8,0,0,0,2.666666667,0.21989974,,,,,,,,,,,,,,,,,,,,,,
58,M_DRO,2,0,0.633333333,1.133333333,0,0,2.533333333,1.833333333,1.266666667,6.666666667,32,77,8,5,7,0,0,0,1.8,1.8,0.6,5.333333333,0.159278024,,,,,,,,,,,,,,,,,,,,,,
59,M_DRO,0,0.733333333,0,1.133333333,0,1.7,2.533333333,1.833333333,3.8,13.33333333,32,77,0,1.666666667,7,1.8,0.6,1.2,0,1.8,0,8,0.477532111,,,,,,,,,,,,,,,,,,,,,,
60,M_DRO,0,2.2,0,3.4,0,1.133333333,7.6,3.666666667,1.266666667,20,0,25.66666667,8,5,7,1.8,0.6,1.8,0.6,0,1.8,5.333333333,0.162243965,,,,,,,,,,,,,,,,,,,,,,
61,M_DRO,1,0,1.266666667,0,2.1,0,2.533333333,0,0,6.666666667,32,77,8,3.333333333,7,1.2,1.8,1.2,0,0,0,5.333333333,0.207220868,,,,,,,,,,,,,,,,,,,,,,
62,M_DRO,0,0.733333333,0,2.266666667,0,0.566666667,7.6,0,1.266666667,6.666666667,32,25.66666667,5.333333333,0,0,1.2,0,1.8,1.8,0,1.2,0,0.240803279,,,,,,,,,,,,,,,,,,,,,,
63,M_DRO,3,2.2,0,3.4,1.4,0,2.533333333,5.5,0,0,0,0,8,5,0,1.2,1.8,1.8,1.8,1.8,1.8,5.333333333,0.133676907,,,,,,,,,,,,,,,,,,,,,,
64,M_DRO,3,1.466666667,1.266666667,1.133333333,0,1.7,7.6,0,2.533333333,13.33333333,10.66666667,77,8,5,7,0.6,0.6,1.8,0.6,1.2,1.8,8,0.108936002,,,,,,,,,,,,,,,,,,,,,,
65,M_DRO,1,1.466666667,1.9,3.4,2.1,0,0,0,3.8,20,10.66666667,77,5.333333333,1.666666667,7,0.6,1.8,1.8,0.6,1.8,0.6,5.333333333,0.231896059,,,,,,,,,,,,,,,,,,,,,,
66,M_DRO,1,1.466666667,0,2.266666667,0.7,0,0,0,0,13.33333333,0,0,8,5,4.666666667,1.2,1.8,0,0,1.2,1.2,2.666666667,0.215680871,,,,,,,,,,,,,,,,,,,,,,
67,M_DRO,3,0.733333333,1.9,3.4,0.7,0,7.6,3.666666667,0,20,32,51.33333333,2.666666667,0,4.666666667,1.2,1.2,0.6,1.2,1.2,1.8,2.666666667,0.108147949,,,,,,,,,,,,,,,,,,,,,,
68,M_DRO,3,0,0,3.4,1.4,0,7.6,3.666666667,0,0,10.66666667,0,0,1.666666667,7,0.6,0.6,0,0.6,1.8,0.6,8,0.197379529,,,,,,,,,,,,,,,,,,,,,,
69,M_DRO,0,0,1.9,3.4,0,1.7,5.066666667,5.5,0,6.666666667,0,51.33333333,0,0,2.333333333,1.8,1.8,1.8,0,1.8,0,5.333333333,0.357664562,,,,,,,,,,,,,,,,,,,,,,
70,M_DRO,1,0,0,0,0,0,7.6,5.5,0,0,32,25.66666667,2.666666667,0,0,1.8,1.2,1.2,1.2,0.6,1.8,5.333333333,0.268858611,,,,,,,,,,,,,,,,,,,,,,
71,M_DRO,2,0.733333333,0,0,0,0,7.6,0,1.266666667,0,10.66666667,0,0,0,4.666666667,0,0.6,1.8,0,0,1.8,2.666666667,0.31574969,,,,,,,,,,,,,,,,,,,,,,
72,M_DRO,0,0,0,2.266666667,1.4,1.133333333,0,1.833333333,3.8,0,21.33333333,77,2.666666667,5,7,0,1.8,0,1.8,0,0,8,0.422169505,,,,,,,,,,,,,,,,,,,,,,
73,M_DRO,1.5,1.1,0.95,1.7,1.05,0.85,3.8,2.75,1.9,10,16,38.5,4,2.5,3.5,0.9,0.9,0.9,0.9,0.9,0.9,4,0.194899281,,,,,,,,,,,,,,,,,,,,,,